nama_kabupaten_kota,tahun,jenis_kematian,penyebab_kematian,jumlah_kematian
KABUPATEN BANDUNG,2017,KEMATIAN BALITA,PNEUMONIA,1
KABUPATEN BANDUNG,2017,KEMATIAN BALITA,CAMPAK,0
KABUPATEN BANDUNG,2017,KEMATIAN BALITA,DEMAM,0
KABUPATEN BANDUNG,2017,KEMATIAN BALITA,DIARE,0
KABUPATEN BANDUNG,2017,KEMATIAN BALITA,DIFTERI,0
KABUPATEN BANDUNG,2017,KEMATIAN BALITA,MALARIA,0
KABUPATEN BANDUNG BARAT,2017,KEMATIAN BALITA,CAMPAK,0
KABUPATEN BANDUNG BARAT,2017,KEMATIAN BALITA,DEMAM,0
KABUPATEN BANDUNG BARAT,2017,KEMATIAN BALITA,DIARE,0
KABUPATEN BANDUNG BARAT,2017,KEMATIAN BALITA,DIFTERI,0
KABUPATEN BANDUNG BARAT,2017,KEMATIAN BALITA,MALARIA,0
KABUPATEN BANDUNG BARAT,2017,KEMATIAN BALITA,PNEUMONIA,0
KABUPATEN BEKASI,2017,KEMATIAN BALITA,CAMPAK,0
KABUPATEN BEKASI,2017,KEMATIAN BALITA,DEMAM,0
KABUPATEN BEKASI,2017,KEMATIAN BALITA,DIARE,0
KABUPATEN BEKASI,2017,KEMATIAN BALITA,DIFTERI,0
KABUPATEN BEKASI,2017,KEMATIAN BALITA,MALARIA,0
KABUPATEN BEKASI,2017,KEMATIAN BALITA,PNEUMONIA,0
KABUPATEN BOGOR,2017,KEMATIAN BALITA,CAMPAK,0
KABUPATEN BOGOR,2017,KEMATIAN BALITA,DEMAM,0
KABUPATEN BOGOR,2017,KEMATIAN BALITA,DIARE,0
KABUPATEN BOGOR,2017,KEMATIAN BALITA,DIFTERI,0
KABUPATEN BOGOR,2017,KEMATIAN BALITA,MALARIA,0
KABUPATEN BOGOR,2017,KEMATIAN BALITA,PNEUMONIA,0
KABUPATEN CIAMIS,2017,KEMATIAN BALITA,PNEUMONIA,1
KABUPATEN CIAMIS,2017,KEMATIAN BALITA,CAMPAK,0
KABUPATEN CIAMIS,2017,KEMATIAN BALITA,DEMAM,0
KABUPATEN CIAMIS,2017,KEMATIAN BALITA,DIARE,0
KABUPATEN CIAMIS,2017,KEMATIAN BALITA,DIFTERI,0
KABUPATEN CIAMIS,2017,KEMATIAN BALITA,MALARIA,0
KABUPATEN CIANJUR,2017,KEMATIAN BALITA,CAMPAK,0
KABUPATEN CIANJUR,2017,KEMATIAN BALITA,DEMAM,0
KABUPATEN CIANJUR,2017,KEMATIAN BALITA,DIARE,0
KABUPATEN CIANJUR,2017,KEMATIAN BALITA,DIFTERI,0
KABUPATEN CIANJUR,2017,KEMATIAN BALITA,MALARIA,0
KABUPATEN CIANJUR,2017,KEMATIAN BALITA,PNEUMONIA,0
KABUPATEN CIREBON,2017,KEMATIAN BALITA,DIARE,2
KABUPATEN CIREBON,2017,KEMATIAN BALITA,CAMPAK,0
KABUPATEN CIREBON,2017,KEMATIAN BALITA,DEMAM,0
KABUPATEN CIREBON,2017,KEMATIAN BALITA,DIFTERI,0
KABUPATEN CIREBON,2017,KEMATIAN BALITA,MALARIA,0
KABUPATEN CIREBON,2017,KEMATIAN BALITA,PNEUMONIA,0
KABUPATEN GARUT,2017,KEMATIAN BALITA,DIARE,2
KABUPATEN GARUT,2017,KEMATIAN BALITA,PNEUMONIA,2
KABUPATEN GARUT,2017,KEMATIAN BALITA,CAMPAK,0
KABUPATEN GARUT,2017,KEMATIAN BALITA,DEMAM,0
KABUPATEN GARUT,2017,KEMATIAN BALITA,DIFTERI,0
KABUPATEN GARUT,2017,KEMATIAN BALITA,MALARIA,0
KABUPATEN INDRAMAYU,2017,KEMATIAN BALITA,DIARE,1
KABUPATEN INDRAMAYU,2017,KEMATIAN BALITA,PNEUMONIA,1
KABUPATEN INDRAMAYU,2017,KEMATIAN BALITA,CAMPAK,0
KABUPATEN INDRAMAYU,2017,KEMATIAN BALITA,DEMAM,0
KABUPATEN INDRAMAYU,2017,KEMATIAN BALITA,DIFTERI,0
KABUPATEN INDRAMAYU,2017,KEMATIAN BALITA,MALARIA,0
KABUPATEN KARAWANG,2017,KEMATIAN BALITA,PNEUMONIA,2
KABUPATEN KARAWANG,2017,KEMATIAN BALITA,DEMAM,1
KABUPATEN KARAWANG,2017,KEMATIAN BALITA,CAMPAK,0
KABUPATEN KARAWANG,2017,KEMATIAN BALITA,DIARE,0
KABUPATEN KARAWANG,2017,KEMATIAN BALITA,DIFTERI,0
KABUPATEN KARAWANG,2017,KEMATIAN BALITA,MALARIA,0
KABUPATEN KUNINGAN,2017,KEMATIAN BALITA,DIARE,1
KABUPATEN KUNINGAN,2017,KEMATIAN BALITA,PNEUMONIA,1
KABUPATEN KUNINGAN,2017,KEMATIAN BALITA,CAMPAK,0
KABUPATEN KUNINGAN,2017,KEMATIAN BALITA,DEMAM,0
KABUPATEN KUNINGAN,2017,KEMATIAN BALITA,DIFTERI,0
KABUPATEN KUNINGAN,2017,KEMATIAN BALITA,MALARIA,0
KABUPATEN MAJALENGKA,2017,KEMATIAN BALITA,CAMPAK,0
KABUPATEN MAJALENGKA,2017,KEMATIAN BALITA,DEMAM,0
KABUPATEN MAJALENGKA,2017,KEMATIAN BALITA,DIARE,0
KABUPATEN MAJALENGKA,2017,KEMATIAN BALITA,DIFTERI,0
KABUPATEN MAJALENGKA,2017,KEMATIAN BALITA,MALARIA,0
KABUPATEN MAJALENGKA,2017,KEMATIAN BALITA,PNEUMONIA,0
KABUPATEN PANGANDARAN,2017,KEMATIAN BALITA,PNEUMONIA,1
KABUPATEN PANGANDARAN,2017,KEMATIAN BALITA,CAMPAK,0
KABUPATEN PANGANDARAN,2017,KEMATIAN BALITA,DEMAM,0
KABUPATEN PANGANDARAN,2017,KEMATIAN BALITA,DIARE,0
KABUPATEN PANGANDARAN,2017,KEMATIAN BALITA,DIFTERI,0
KABUPATEN PANGANDARAN,2017,KEMATIAN BALITA,MALARIA,0
KABUPATEN PURWAKARTA,2017,KEMATIAN BALITA,CAMPAK,0
KABUPATEN PURWAKARTA,2017,KEMATIAN BALITA,DEMAM,0
KABUPATEN PURWAKARTA,2017,KEMATIAN BALITA,DIARE,0
KABUPATEN PURWAKARTA,2017,KEMATIAN BALITA,DIFTERI,0
KABUPATEN PURWAKARTA,2017,KEMATIAN BALITA,MALARIA,0
KABUPATEN PURWAKARTA,2017,KEMATIAN BALITA,PNEUMONIA,0
KABUPATEN SUBANG,2017,KEMATIAN BALITA,DEMAM,1
KABUPATEN SUBANG,2017,KEMATIAN BALITA,CAMPAK,0
KABUPATEN SUBANG,2017,KEMATIAN BALITA,DIARE,0
KABUPATEN SUBANG,2017,KEMATIAN BALITA,DIFTERI,0
KABUPATEN SUBANG,2017,KEMATIAN BALITA,MALARIA,0
KABUPATEN SUBANG,2017,KEMATIAN BALITA,PNEUMONIA,0
KABUPATEN SUKABUMI,2017,KEMATIAN BALITA,PNEUMONIA,5
KABUPATEN SUKABUMI,2017,KEMATIAN BALITA,DIARE,4
KABUPATEN SUKABUMI,2017,KEMATIAN BALITA,CAMPAK,0
KABUPATEN SUKABUMI,2017,KEMATIAN BALITA,DEMAM,0
KABUPATEN SUKABUMI,2017,KEMATIAN BALITA,DIFTERI,0
KABUPATEN SUKABUMI,2017,KEMATIAN BALITA,MALARIA,0
KABUPATEN SUMEDANG,2017,KEMATIAN BALITA,PNEUMONIA,1
KABUPATEN SUMEDANG,2017,KEMATIAN BALITA,CAMPAK,0
KABUPATEN SUMEDANG,2017,KEMATIAN BALITA,DEMAM,0
KABUPATEN SUMEDANG,2017,KEMATIAN BALITA,DIARE,0
KABUPATEN SUMEDANG,2017,KEMATIAN BALITA,DIFTERI,0
KABUPATEN SUMEDANG,2017,KEMATIAN BALITA,MALARIA,0
KABUPATEN TASIKMALAYA,2017,KEMATIAN BALITA,PNEUMONIA,2
KABUPATEN TASIKMALAYA,2017,KEMATIAN BALITA,DEMAM,1
KABUPATEN TASIKMALAYA,2017,KEMATIAN BALITA,CAMPAK,0
KABUPATEN TASIKMALAYA,2017,KEMATIAN BALITA,DIARE,0
KABUPATEN TASIKMALAYA,2017,KEMATIAN BALITA,DIFTERI,0
KABUPATEN TASIKMALAYA,2017,KEMATIAN BALITA,MALARIA,0
KOTA BANDUNG,2017,KEMATIAN BALITA,PNEUMONIA,2
KOTA BANDUNG,2017,KEMATIAN BALITA,DIARE,1
KOTA BANDUNG,2017,KEMATIAN BALITA,CAMPAK,0
KOTA BANDUNG,2017,KEMATIAN BALITA,DEMAM,0
KOTA BANDUNG,2017,KEMATIAN BALITA,DIFTERI,0
KOTA BANDUNG,2017,KEMATIAN BALITA,MALARIA,0
KOTA BANJAR,2017,KEMATIAN BALITA,DIARE,2
KOTA BANJAR,2017,KEMATIAN BALITA,PNEUMONIA,2
KOTA BANJAR,2017,KEMATIAN BALITA,DEMAM,1
KOTA BANJAR,2017,KEMATIAN BALITA,CAMPAK,0
KOTA BANJAR,2017,KEMATIAN BALITA,DIFTERI,0
KOTA BANJAR,2017,KEMATIAN BALITA,MALARIA,0
KOTA BEKASI,2017,KEMATIAN BALITA,CAMPAK,0
KOTA BEKASI,2017,KEMATIAN BALITA,DEMAM,0
KOTA BEKASI,2017,KEMATIAN BALITA,DIARE,0
KOTA BEKASI,2017,KEMATIAN BALITA,DIFTERI,0
KOTA BEKASI,2017,KEMATIAN BALITA,MALARIA,0
KOTA BEKASI,2017,KEMATIAN BALITA,PNEUMONIA,0
KOTA BOGOR,2017,KEMATIAN BALITA,PNEUMONIA,5
KOTA BOGOR,2017,KEMATIAN BALITA,DIARE,3
KOTA BOGOR,2017,KEMATIAN BALITA,CAMPAK,1
KOTA BOGOR,2017,KEMATIAN BALITA,DEMAM,0
KOTA BOGOR,2017,KEMATIAN BALITA,DIFTERI,0
KOTA BOGOR,2017,KEMATIAN BALITA,MALARIA,0
KOTA CIMAHI,2017,KEMATIAN BALITA,DIARE,1
KOTA CIMAHI,2017,KEMATIAN BALITA,PNEUMONIA,1
KOTA CIMAHI,2017,KEMATIAN BALITA,CAMPAK,0
KOTA CIMAHI,2017,KEMATIAN BALITA,DEMAM,0
KOTA CIMAHI,2017,KEMATIAN BALITA,DIFTERI,0
KOTA CIMAHI,2017,KEMATIAN BALITA,MALARIA,0
KOTA CIREBON,2017,KEMATIAN BALITA,PNEUMONIA,2
KOTA CIREBON,2017,KEMATIAN BALITA,CAMPAK,1
KOTA CIREBON,2017,KEMATIAN BALITA,DEMAM,1
KOTA CIREBON,2017,KEMATIAN BALITA,DIARE,0
KOTA CIREBON,2017,KEMATIAN BALITA,DIFTERI,0
KOTA CIREBON,2017,KEMATIAN BALITA,MALARIA,0
KOTA DEPOK,2017,KEMATIAN BALITA,DIARE,1
KOTA DEPOK,2017,KEMATIAN BALITA,CAMPAK,0
KOTA DEPOK,2017,KEMATIAN BALITA,DEMAM,0
KOTA DEPOK,2017,KEMATIAN BALITA,DIFTERI,0
KOTA DEPOK,2017,KEMATIAN BALITA,MALARIA,0
KOTA DEPOK,2017,KEMATIAN BALITA,PNEUMONIA,0
KOTA SUKABUMI,2017,KEMATIAN BALITA,DEMAM,2
KOTA SUKABUMI,2017,KEMATIAN BALITA,CAMPAK,0
KOTA SUKABUMI,2017,KEMATIAN BALITA,DIARE,0
KOTA SUKABUMI,2017,KEMATIAN BALITA,DIFTERI,0
KOTA SUKABUMI,2017,KEMATIAN BALITA,MALARIA,0
KOTA SUKABUMI,2017,KEMATIAN BALITA,PNEUMONIA,0
KOTA TASIKMALAYA,2017,KEMATIAN BALITA,CAMPAK,0
KOTA TASIKMALAYA,2017,KEMATIAN BALITA,DEMAM,0
KOTA TASIKMALAYA,2017,KEMATIAN BALITA,DIARE,0
KOTA TASIKMALAYA,2017,KEMATIAN BALITA,DIFTERI,0
KOTA TASIKMALAYA,2017,KEMATIAN BALITA,MALARIA,0
KOTA TASIKMALAYA,2017,KEMATIAN BALITA,PNEUMONIA,0
KABUPATEN BANDUNG,2017,KEMATIAN IBU,HIPERTENSI,15
KABUPATEN BANDUNG,2017,KEMATIAN IBU,PENDARAHAN,12
KABUPATEN BANDUNG,2017,KEMATIAN IBU,GANGGUAN DARAH,6
KABUPATEN BANDUNG,2017,KEMATIAN IBU,INFEKSI,1
KABUPATEN BANDUNG,2017,KEMATIAN IBU,GANGGUAN METABOLIK,0
KABUPATEN BANDUNG BARAT,2017,KEMATIAN IBU,PENDARAHAN,15
KABUPATEN BANDUNG BARAT,2017,KEMATIAN IBU,HIPERTENSI,14
KABUPATEN BANDUNG BARAT,2017,KEMATIAN IBU,GANGGUAN DARAH,6
KABUPATEN BANDUNG BARAT,2017,KEMATIAN IBU,INFEKSI,1
KABUPATEN BANDUNG BARAT,2017,KEMATIAN IBU,GANGGUAN METABOLIK,0
KABUPATEN BEKASI,2017,KEMATIAN IBU,PENDARAHAN,11
KABUPATEN BEKASI,2017,KEMATIAN IBU,GANGGUAN DARAH,10
KABUPATEN BEKASI,2017,KEMATIAN IBU,HIPERTENSI,2
KABUPATEN BEKASI,2017,KEMATIAN IBU,INFEKSI,2
KABUPATEN BEKASI,2017,KEMATIAN IBU,GANGGUAN METABOLIK,0
KABUPATEN BOGOR,2017,KEMATIAN IBU,PENDARAHAN,27
KABUPATEN BOGOR,2017,KEMATIAN IBU,HIPERTENSI,16
KABUPATEN BOGOR,2017,KEMATIAN IBU,GANGGUAN DARAH,6
KABUPATEN BOGOR,2017,KEMATIAN IBU,INFEKSI,3
KABUPATEN BOGOR,2017,KEMATIAN IBU,GANGGUAN METABOLIK,0
KABUPATEN CIAMIS,2017,KEMATIAN IBU,PENDARAHAN,4
KABUPATEN CIAMIS,2017,KEMATIAN IBU,HIPERTENSI,3
KABUPATEN CIAMIS,2017,KEMATIAN IBU,GANGGUAN DARAH,1
KABUPATEN CIAMIS,2017,KEMATIAN IBU,INFEKSI,1
KABUPATEN CIAMIS,2017,KEMATIAN IBU,GANGGUAN METABOLIK,0
KABUPATEN CIANJUR,2017,KEMATIAN IBU,HIPERTENSI,15
KABUPATEN CIANJUR,2017,KEMATIAN IBU,GANGGUAN DARAH,5
KABUPATEN CIANJUR,2017,KEMATIAN IBU,PENDARAHAN,4
KABUPATEN CIANJUR,2017,KEMATIAN IBU,INFEKSI,1
KABUPATEN CIANJUR,2017,KEMATIAN IBU,GANGGUAN METABOLIK,0
KABUPATEN CIREBON,2017,KEMATIAN IBU,HIPERTENSI,17
KABUPATEN CIREBON,2017,KEMATIAN IBU,PENDARAHAN,7
KABUPATEN CIREBON,2017,KEMATIAN IBU,GANGGUAN DARAH,3
KABUPATEN CIREBON,2017,KEMATIAN IBU,GANGGUAN METABOLIK,2
KABUPATEN CIREBON,2017,KEMATIAN IBU,INFEKSI,1
KABUPATEN GARUT,2017,KEMATIAN IBU,PENDARAHAN,18
KABUPATEN GARUT,2017,KEMATIAN IBU,GANGGUAN DARAH,13
KABUPATEN GARUT,2017,KEMATIAN IBU,HIPERTENSI,8
KABUPATEN GARUT,2017,KEMATIAN IBU,GANGGUAN METABOLIK,0
KABUPATEN GARUT,2017,KEMATIAN IBU,INFEKSI,0
KABUPATEN INDRAMAYU,2017,KEMATIAN IBU,HIPERTENSI,15
KABUPATEN INDRAMAYU,2017,KEMATIAN IBU,PENDARAHAN,11
KABUPATEN INDRAMAYU,2017,KEMATIAN IBU,GANGGUAN DARAH,7
KABUPATEN INDRAMAYU,2017,KEMATIAN IBU,INFEKSI,4
KABUPATEN INDRAMAYU,2017,KEMATIAN IBU,GANGGUAN METABOLIK,1
KABUPATEN KARAWANG,2017,KEMATIAN IBU,HIPERTENSI,19
KABUPATEN KARAWANG,2017,KEMATIAN IBU,PENDARAHAN,12
KABUPATEN KARAWANG,2017,KEMATIAN IBU,GANGGUAN DARAH,8
KABUPATEN KARAWANG,2017,KEMATIAN IBU,INFEKSI,1
KABUPATEN KARAWANG,2017,KEMATIAN IBU,GANGGUAN METABOLIK,0
KABUPATEN KUNINGAN,2017,KEMATIAN IBU,HIPERTENSI,9
KABUPATEN KUNINGAN,2017,KEMATIAN IBU,GANGGUAN DARAH,4
KABUPATEN KUNINGAN,2017,KEMATIAN IBU,PENDARAHAN,3
KABUPATEN KUNINGAN,2017,KEMATIAN IBU,GANGGUAN METABOLIK,0
KABUPATEN KUNINGAN,2017,KEMATIAN IBU,INFEKSI,0
KABUPATEN MAJALENGKA,2017,KEMATIAN IBU,HIPERTENSI,9
KABUPATEN MAJALENGKA,2017,KEMATIAN IBU,PENDARAHAN,6
KABUPATEN MAJALENGKA,2017,KEMATIAN IBU,GANGGUAN DARAH,1
KABUPATEN MAJALENGKA,2017,KEMATIAN IBU,GANGGUAN METABOLIK,0
KABUPATEN MAJALENGKA,2017,KEMATIAN IBU,INFEKSI,0
KABUPATEN PANGANDARAN,2017,KEMATIAN IBU,HIPERTENSI,2
KABUPATEN PANGANDARAN,2017,KEMATIAN IBU,GANGGUAN DARAH,1
KABUPATEN PANGANDARAN,2017,KEMATIAN IBU,PENDARAHAN,1
KABUPATEN PANGANDARAN,2017,KEMATIAN IBU,GANGGUAN METABOLIK,0
KABUPATEN PANGANDARAN,2017,KEMATIAN IBU,INFEKSI,0
KABUPATEN PURWAKARTA,2017,KEMATIAN IBU,PENDARAHAN,7
KABUPATEN PURWAKARTA,2017,KEMATIAN IBU,HIPERTENSI,6
KABUPATEN PURWAKARTA,2017,KEMATIAN IBU,GANGGUAN DARAH,1
KABUPATEN PURWAKARTA,2017,KEMATIAN IBU,GANGGUAN METABOLIK,0
KABUPATEN PURWAKARTA,2017,KEMATIAN IBU,INFEKSI,0
KABUPATEN SUBANG,2017,KEMATIAN IBU,HIPERTENSI,13
KABUPATEN SUBANG,2017,KEMATIAN IBU,GANGGUAN DARAH,2
KABUPATEN SUBANG,2017,KEMATIAN IBU,PENDARAHAN,1
KABUPATEN SUBANG,2017,KEMATIAN IBU,GANGGUAN METABOLIK,0
KABUPATEN SUBANG,2017,KEMATIAN IBU,INFEKSI,0
KABUPATEN SUKABUMI,2017,KEMATIAN IBU,PENDARAHAN,11
KABUPATEN SUKABUMI,2017,KEMATIAN IBU,GANGGUAN DARAH,8
KABUPATEN SUKABUMI,2017,KEMATIAN IBU,HIPERTENSI,5
KABUPATEN SUKABUMI,2017,KEMATIAN IBU,INFEKSI,3
KABUPATEN SUKABUMI,2017,KEMATIAN IBU,GANGGUAN METABOLIK,1
KABUPATEN SUMEDANG,2017,KEMATIAN IBU,GANGGUAN DARAH,4
KABUPATEN SUMEDANG,2017,KEMATIAN IBU,HIPERTENSI,3
KABUPATEN SUMEDANG,2017,KEMATIAN IBU,PENDARAHAN,2
KABUPATEN SUMEDANG,2017,KEMATIAN IBU,INFEKSI,1
KABUPATEN SUMEDANG,2017,KEMATIAN IBU,GANGGUAN METABOLIK,0
KABUPATEN TASIKMALAYA,2017,KEMATIAN IBU,HIPERTENSI,10
KABUPATEN TASIKMALAYA,2017,KEMATIAN IBU,PENDARAHAN,10
KABUPATEN TASIKMALAYA,2017,KEMATIAN IBU,GANGGUAN DARAH,6
KABUPATEN TASIKMALAYA,2017,KEMATIAN IBU,INFEKSI,3
KABUPATEN TASIKMALAYA,2017,KEMATIAN IBU,GANGGUAN METABOLIK,2
KOTA BANDUNG,2017,KEMATIAN IBU,HIPERTENSI,4
KOTA BANDUNG,2017,KEMATIAN IBU,PENDARAHAN,4
KOTA BANDUNG,2017,KEMATIAN IBU,GANGGUAN DARAH,1
KOTA BANDUNG,2017,KEMATIAN IBU,INFEKSI,1
KOTA BANDUNG,2017,KEMATIAN IBU,GANGGUAN METABOLIK,0
KOTA BANJAR,2017,KEMATIAN IBU,HIPERTENSI,2
KOTA BANJAR,2017,KEMATIAN IBU,PENDARAHAN,1
KOTA BANJAR,2017,KEMATIAN IBU,GANGGUAN DARAH,0
KOTA BANJAR,2017,KEMATIAN IBU,GANGGUAN METABOLIK,0
KOTA BANJAR,2017,KEMATIAN IBU,INFEKSI,0
KOTA BEKASI,2017,KEMATIAN IBU,PENDARAHAN,4
KOTA BEKASI,2017,KEMATIAN IBU,HIPERTENSI,1
KOTA BEKASI,2017,KEMATIAN IBU,INFEKSI,1
KOTA BEKASI,2017,KEMATIAN IBU,GANGGUAN DARAH,0
KOTA BEKASI,2017,KEMATIAN IBU,GANGGUAN METABOLIK,0
KOTA BOGOR,2017,KEMATIAN IBU,PENDARAHAN,2
KOTA BOGOR,2017,KEMATIAN IBU,HIPERTENSI,1
KOTA BOGOR,2017,KEMATIAN IBU,GANGGUAN DARAH,0
KOTA BOGOR,2017,KEMATIAN IBU,GANGGUAN METABOLIK,0
KOTA BOGOR,2017,KEMATIAN IBU,INFEKSI,0
KOTA CIMAHI,2017,KEMATIAN IBU,HIPERTENSI,4
KOTA CIMAHI,2017,KEMATIAN IBU,PENDARAHAN,3
KOTA CIMAHI,2017,KEMATIAN IBU,GANGGUAN DARAH,2
KOTA CIMAHI,2017,KEMATIAN IBU,GANGGUAN METABOLIK,0
KOTA CIMAHI,2017,KEMATIAN IBU,INFEKSI,0
KOTA CIREBON,2017,KEMATIAN IBU,HIPERTENSI,3
KOTA CIREBON,2017,KEMATIAN IBU,PENDARAHAN,1
KOTA CIREBON,2017,KEMATIAN IBU,GANGGUAN DARAH,0
KOTA CIREBON,2017,KEMATIAN IBU,GANGGUAN METABOLIK,0
KOTA CIREBON,2017,KEMATIAN IBU,INFEKSI,0
KOTA DEPOK,2017,KEMATIAN IBU,PENDARAHAN,6
KOTA DEPOK,2017,KEMATIAN IBU,GANGGUAN DARAH,4
KOTA DEPOK,2017,KEMATIAN IBU,HIPERTENSI,4
KOTA DEPOK,2017,KEMATIAN IBU,INFEKSI,1
KOTA DEPOK,2017,KEMATIAN IBU,GANGGUAN METABOLIK,0
KOTA SUKABUMI,2017,KEMATIAN IBU,GANGGUAN DARAH,1
KOTA SUKABUMI,2017,KEMATIAN IBU,HIPERTENSI,1
KOTA SUKABUMI,2017,KEMATIAN IBU,INFEKSI,1
KOTA SUKABUMI,2017,KEMATIAN IBU,PENDARAHAN,1
KOTA SUKABUMI,2017,KEMATIAN IBU,GANGGUAN METABOLIK,0
KOTA TASIKMALAYA,2017,KEMATIAN IBU,PENDARAHAN,7
KOTA TASIKMALAYA,2017,KEMATIAN IBU,HIPERTENSI,3
KOTA TASIKMALAYA,2017,KEMATIAN IBU,INFEKSI,2
KOTA TASIKMALAYA,2017,KEMATIAN IBU,GANGGUAN DARAH,1
KOTA TASIKMALAYA,2017,KEMATIAN IBU,GANGGUAN METABOLIK,0
KABUPATEN BANDUNG,2017,KEMATIAN POST-NEO,PNEUMONIA,2
KABUPATEN BANDUNG,2017,KEMATIAN POST-NEO,DIARE,0
KABUPATEN BANDUNG,2017,KEMATIAN POST-NEO,KELAINAN SARAF,0
KABUPATEN BANDUNG,2017,KEMATIAN POST-NEO,MALARIA,0
KABUPATEN BANDUNG,2017,KEMATIAN POST-NEO,SALURAN CERNA,0
KABUPATEN BANDUNG,2017,KEMATIAN POST-NEO,TETANUS,0
KABUPATEN BANDUNG BARAT,2017,KEMATIAN POST-NEO,PNEUMONIA,1
KABUPATEN BANDUNG BARAT,2017,KEMATIAN POST-NEO,DIARE,0
KABUPATEN BANDUNG BARAT,2017,KEMATIAN POST-NEO,KELAINAN SARAF,0
KABUPATEN BANDUNG BARAT,2017,KEMATIAN POST-NEO,MALARIA,0
KABUPATEN BANDUNG BARAT,2017,KEMATIAN POST-NEO,SALURAN CERNA,0
KABUPATEN BANDUNG BARAT,2017,KEMATIAN POST-NEO,TETANUS,0
KABUPATEN BEKASI,2017,KEMATIAN POST-NEO,PNEUMONIA,1
KABUPATEN BEKASI,2017,KEMATIAN POST-NEO,DIARE,0
KABUPATEN BEKASI,2017,KEMATIAN POST-NEO,KELAINAN SARAF,0
KABUPATEN BEKASI,2017,KEMATIAN POST-NEO,MALARIA,0
KABUPATEN BEKASI,2017,KEMATIAN POST-NEO,SALURAN CERNA,0
KABUPATEN BEKASI,2017,KEMATIAN POST-NEO,TETANUS,0
KABUPATEN BOGOR,2017,KEMATIAN POST-NEO,DIARE,0
KABUPATEN BOGOR,2017,KEMATIAN POST-NEO,KELAINAN SARAF,0
KABUPATEN BOGOR,2017,KEMATIAN POST-NEO,MALARIA,0
KABUPATEN BOGOR,2017,KEMATIAN POST-NEO,PNEUMONIA,0
KABUPATEN BOGOR,2017,KEMATIAN POST-NEO,SALURAN CERNA,0
KABUPATEN BOGOR,2017,KEMATIAN POST-NEO,TETANUS,0
KABUPATEN CIAMIS,2017,KEMATIAN POST-NEO,PNEUMONIA,6
KABUPATEN CIAMIS,2017,KEMATIAN POST-NEO,SALURAN CERNA,3
KABUPATEN CIAMIS,2017,KEMATIAN POST-NEO,DIARE,1
KABUPATEN CIAMIS,2017,KEMATIAN POST-NEO,KELAINAN SARAF,0
KABUPATEN CIAMIS,2017,KEMATIAN POST-NEO,MALARIA,0
KABUPATEN CIAMIS,2017,KEMATIAN POST-NEO,TETANUS,0
KABUPATEN CIANJUR,2017,KEMATIAN POST-NEO,DIARE,1
KABUPATEN CIANJUR,2017,KEMATIAN POST-NEO,KELAINAN SARAF,0
KABUPATEN CIANJUR,2017,KEMATIAN POST-NEO,MALARIA,0
KABUPATEN CIANJUR,2017,KEMATIAN POST-NEO,PNEUMONIA,0
KABUPATEN CIANJUR,2017,KEMATIAN POST-NEO,SALURAN CERNA,0
KABUPATEN CIANJUR,2017,KEMATIAN POST-NEO,TETANUS,0
KABUPATEN CIREBON,2017,KEMATIAN POST-NEO,PNEUMONIA,4
KABUPATEN CIREBON,2017,KEMATIAN POST-NEO,SALURAN CERNA,1
KABUPATEN CIREBON,2017,KEMATIAN POST-NEO,DIARE,0
KABUPATEN CIREBON,2017,KEMATIAN POST-NEO,KELAINAN SARAF,0
KABUPATEN CIREBON,2017,KEMATIAN POST-NEO,MALARIA,0
KABUPATEN CIREBON,2017,KEMATIAN POST-NEO,TETANUS,0
KABUPATEN GARUT,2017,KEMATIAN POST-NEO,PNEUMONIA,6
KABUPATEN GARUT,2017,KEMATIAN POST-NEO,DIARE,2
KABUPATEN GARUT,2017,KEMATIAN POST-NEO,KELAINAN SARAF,1
KABUPATEN GARUT,2017,KEMATIAN POST-NEO,MALARIA,0
KABUPATEN GARUT,2017,KEMATIAN POST-NEO,SALURAN CERNA,0
KABUPATEN GARUT,2017,KEMATIAN POST-NEO,TETANUS,0
KABUPATEN INDRAMAYU,2017,KEMATIAN POST-NEO,PNEUMONIA,5
KABUPATEN INDRAMAYU,2017,KEMATIAN POST-NEO,DIARE,1
KABUPATEN INDRAMAYU,2017,KEMATIAN POST-NEO,SALURAN CERNA,1
KABUPATEN INDRAMAYU,2017,KEMATIAN POST-NEO,KELAINAN SARAF,0
KABUPATEN INDRAMAYU,2017,KEMATIAN POST-NEO,MALARIA,0
KABUPATEN INDRAMAYU,2017,KEMATIAN POST-NEO,TETANUS,0
KABUPATEN KARAWANG,2017,KEMATIAN POST-NEO,PNEUMONIA,6
KABUPATEN KARAWANG,2017,KEMATIAN POST-NEO,DIARE,3
KABUPATEN KARAWANG,2017,KEMATIAN POST-NEO,SALURAN CERNA,1
KABUPATEN KARAWANG,2017,KEMATIAN POST-NEO,KELAINAN SARAF,0
KABUPATEN KARAWANG,2017,KEMATIAN POST-NEO,MALARIA,0
KABUPATEN KARAWANG,2017,KEMATIAN POST-NEO,TETANUS,0
KABUPATEN KUNINGAN,2017,KEMATIAN POST-NEO,PNEUMONIA,2
KABUPATEN KUNINGAN,2017,KEMATIAN POST-NEO,DIARE,1
KABUPATEN KUNINGAN,2017,KEMATIAN POST-NEO,KELAINAN SARAF,0
KABUPATEN KUNINGAN,2017,KEMATIAN POST-NEO,MALARIA,0
KABUPATEN KUNINGAN,2017,KEMATIAN POST-NEO,SALURAN CERNA,0
KABUPATEN KUNINGAN,2017,KEMATIAN POST-NEO,TETANUS,0
KABUPATEN MAJALENGKA,2017,KEMATIAN POST-NEO,DIARE,3
KABUPATEN MAJALENGKA,2017,KEMATIAN POST-NEO,PNEUMONIA,3
KABUPATEN MAJALENGKA,2017,KEMATIAN POST-NEO,SALURAN CERNA,1
KABUPATEN MAJALENGKA,2017,KEMATIAN POST-NEO,KELAINAN SARAF,0
KABUPATEN MAJALENGKA,2017,KEMATIAN POST-NEO,MALARIA,0
KABUPATEN MAJALENGKA,2017,KEMATIAN POST-NEO,TETANUS,0
KABUPATEN PANGANDARAN,2017,KEMATIAN POST-NEO,PNEUMONIA,3
KABUPATEN PANGANDARAN,2017,KEMATIAN POST-NEO,DIARE,1
KABUPATEN PANGANDARAN,2017,KEMATIAN POST-NEO,SALURAN CERNA,1
KABUPATEN PANGANDARAN,2017,KEMATIAN POST-NEO,KELAINAN SARAF,0
KABUPATEN PANGANDARAN,2017,KEMATIAN POST-NEO,MALARIA,0
KABUPATEN PANGANDARAN,2017,KEMATIAN POST-NEO,TETANUS,0
KABUPATEN PURWAKARTA,2017,KEMATIAN POST-NEO,PNEUMONIA,2
KABUPATEN PURWAKARTA,2017,KEMATIAN POST-NEO,DIARE,1
KABUPATEN PURWAKARTA,2017,KEMATIAN POST-NEO,KELAINAN SARAF,0
KABUPATEN PURWAKARTA,2017,KEMATIAN POST-NEO,MALARIA,0
KABUPATEN PURWAKARTA,2017,KEMATIAN POST-NEO,SALURAN CERNA,0
KABUPATEN PURWAKARTA,2017,KEMATIAN POST-NEO,TETANUS,0
KABUPATEN SUBANG,2017,KEMATIAN POST-NEO,DIARE,1
KABUPATEN SUBANG,2017,KEMATIAN POST-NEO,KELAINAN SARAF,0
KABUPATEN SUBANG,2017,KEMATIAN POST-NEO,MALARIA,0
KABUPATEN SUBANG,2017,KEMATIAN POST-NEO,PNEUMONIA,0
KABUPATEN SUBANG,2017,KEMATIAN POST-NEO,SALURAN CERNA,0
KABUPATEN SUBANG,2017,KEMATIAN POST-NEO,TETANUS,0
KABUPATEN SUKABUMI,2017,KEMATIAN POST-NEO,PNEUMONIA,16
KABUPATEN SUKABUMI,2017,KEMATIAN POST-NEO,DIARE,7
KABUPATEN SUKABUMI,2017,KEMATIAN POST-NEO,SALURAN CERNA,3
KABUPATEN SUKABUMI,2017,KEMATIAN POST-NEO,KELAINAN SARAF,1
KABUPATEN SUKABUMI,2017,KEMATIAN POST-NEO,MALARIA,0
KABUPATEN SUKABUMI,2017,KEMATIAN POST-NEO,TETANUS,0
KABUPATEN SUMEDANG,2017,KEMATIAN POST-NEO,PNEUMONIA,6
KABUPATEN SUMEDANG,2017,KEMATIAN POST-NEO,SALURAN CERNA,2
KABUPATEN SUMEDANG,2017,KEMATIAN POST-NEO,DIARE,1
KABUPATEN SUMEDANG,2017,KEMATIAN POST-NEO,KELAINAN SARAF,0
KABUPATEN SUMEDANG,2017,KEMATIAN POST-NEO,MALARIA,0
KABUPATEN SUMEDANG,2017,KEMATIAN POST-NEO,TETANUS,0
KABUPATEN TASIKMALAYA,2017,KEMATIAN POST-NEO,PNEUMONIA,10
KABUPATEN TASIKMALAYA,2017,KEMATIAN POST-NEO,SALURAN CERNA,4
KABUPATEN TASIKMALAYA,2017,KEMATIAN POST-NEO,DIARE,0
KABUPATEN TASIKMALAYA,2017,KEMATIAN POST-NEO,KELAINAN SARAF,0
KABUPATEN TASIKMALAYA,2017,KEMATIAN POST-NEO,MALARIA,0
KABUPATEN TASIKMALAYA,2017,KEMATIAN POST-NEO,TETANUS,0
KOTA BANDUNG,2017,KEMATIAN POST-NEO,PNEUMONIA,8
KOTA BANDUNG,2017,KEMATIAN POST-NEO,DIARE,4
KOTA BANDUNG,2017,KEMATIAN POST-NEO,KELAINAN SARAF,0
KOTA BANDUNG,2017,KEMATIAN POST-NEO,MALARIA,0
KOTA BANDUNG,2017,KEMATIAN POST-NEO,SALURAN CERNA,0
KOTA BANDUNG,2017,KEMATIAN POST-NEO,TETANUS,0
KOTA BANJAR,2017,KEMATIAN POST-NEO,DIARE,1
KOTA BANJAR,2017,KEMATIAN POST-NEO,PNEUMONIA,1
KOTA BANJAR,2017,KEMATIAN POST-NEO,KELAINAN SARAF,0
KOTA BANJAR,2017,KEMATIAN POST-NEO,MALARIA,0
KOTA BANJAR,2017,KEMATIAN POST-NEO,SALURAN CERNA,0
KOTA BANJAR,2017,KEMATIAN POST-NEO,TETANUS,0
KOTA BEKASI,2017,KEMATIAN POST-NEO,PNEUMONIA,3
KOTA BEKASI,2017,KEMATIAN POST-NEO,DIARE,0
KOTA BEKASI,2017,KEMATIAN POST-NEO,KELAINAN SARAF,0
KOTA BEKASI,2017,KEMATIAN POST-NEO,MALARIA,0
KOTA BEKASI,2017,KEMATIAN POST-NEO,SALURAN CERNA,0
KOTA BEKASI,2017,KEMATIAN POST-NEO,TETANUS,0
KOTA BOGOR,2017,KEMATIAN POST-NEO,PNEUMONIA,3
KOTA BOGOR,2017,KEMATIAN POST-NEO,DIARE,0
KOTA BOGOR,2017,KEMATIAN POST-NEO,KELAINAN SARAF,0
KOTA BOGOR,2017,KEMATIAN POST-NEO,MALARIA,0
KOTA BOGOR,2017,KEMATIAN POST-NEO,SALURAN CERNA,0
KOTA BOGOR,2017,KEMATIAN POST-NEO,TETANUS,0
KOTA CIMAHI,2017,KEMATIAN POST-NEO,SALURAN CERNA,2
KOTA CIMAHI,2017,KEMATIAN POST-NEO,PNEUMONIA,1
KOTA CIMAHI,2017,KEMATIAN POST-NEO,DIARE,0
KOTA CIMAHI,2017,KEMATIAN POST-NEO,KELAINAN SARAF,0
KOTA CIMAHI,2017,KEMATIAN POST-NEO,MALARIA,0
KOTA CIMAHI,2017,KEMATIAN POST-NEO,TETANUS,0
KOTA CIREBON,2017,KEMATIAN POST-NEO,PNEUMONIA,3
KOTA CIREBON,2017,KEMATIAN POST-NEO,DIARE,0
KOTA CIREBON,2017,KEMATIAN POST-NEO,KELAINAN SARAF,0
KOTA CIREBON,2017,KEMATIAN POST-NEO,MALARIA,0
KOTA CIREBON,2017,KEMATIAN POST-NEO,SALURAN CERNA,0
KOTA CIREBON,2017,KEMATIAN POST-NEO,TETANUS,0
KOTA DEPOK,2017,KEMATIAN POST-NEO,PNEUMONIA,1
KOTA DEPOK,2017,KEMATIAN POST-NEO,DIARE,0
KOTA DEPOK,2017,KEMATIAN POST-NEO,KELAINAN SARAF,0
KOTA DEPOK,2017,KEMATIAN POST-NEO,MALARIA,0
KOTA DEPOK,2017,KEMATIAN POST-NEO,SALURAN CERNA,0
KOTA DEPOK,2017,KEMATIAN POST-NEO,TETANUS,0
KOTA SUKABUMI,2017,KEMATIAN POST-NEO,DIARE,2
KOTA SUKABUMI,2017,KEMATIAN POST-NEO,PNEUMONIA,1
KOTA SUKABUMI,2017,KEMATIAN POST-NEO,SALURAN CERNA,1
KOTA SUKABUMI,2017,KEMATIAN POST-NEO,KELAINAN SARAF,0
KOTA SUKABUMI,2017,KEMATIAN POST-NEO,MALARIA,0
KOTA SUKABUMI,2017,KEMATIAN POST-NEO,TETANUS,0
KOTA TASIKMALAYA,2017,KEMATIAN POST-NEO,PNEUMONIA,5
KOTA TASIKMALAYA,2017,KEMATIAN POST-NEO,DIARE,0
KOTA TASIKMALAYA,2017,KEMATIAN POST-NEO,KELAINAN SARAF,0
KOTA TASIKMALAYA,2017,KEMATIAN POST-NEO,MALARIA,0
KOTA TASIKMALAYA,2017,KEMATIAN POST-NEO,SALURAN CERNA,0
KOTA TASIKMALAYA,2017,KEMATIAN POST-NEO,TETANUS,0
KABUPATEN BANDUNG,2017,LAHIR MATI,BBLR,124
KABUPATEN BANDUNG,2017,LAHIR MATI,ASFIKSIA,39
KABUPATEN BANDUNG,2017,LAHIR MATI,SEPSIS,13
KABUPATEN BANDUNG,2017,LAHIR MATI,KELAINAN,2
KABUPATEN BANDUNG,2017,LAHIR MATI,TETANUS,0
KABUPATEN BANDUNG BARAT,2017,LAHIR MATI,ASFIKSIA,59
KABUPATEN BANDUNG BARAT,2017,LAHIR MATI,BBLR,51
KABUPATEN BANDUNG BARAT,2017,LAHIR MATI,KELAINAN,6
KABUPATEN BANDUNG BARAT,2017,LAHIR MATI,SEPSIS,3
KABUPATEN BANDUNG BARAT,2017,LAHIR MATI,TETANUS,0
KABUPATEN BEKASI,2017,LAHIR MATI,KELAINAN,18
KABUPATEN BEKASI,2017,LAHIR MATI,BBLR,12
KABUPATEN BEKASI,2017,LAHIR MATI,ASFIKSIA,9
KABUPATEN BEKASI,2017,LAHIR MATI,SEPSIS,1
KABUPATEN BEKASI,2017,LAHIR MATI,TETANUS,0
KABUPATEN BOGOR,2017,LAHIR MATI,BBLR,44
KABUPATEN BOGOR,2017,LAHIR MATI,ASFIKSIA,20
KABUPATEN BOGOR,2017,LAHIR MATI,KELAINAN,10
KABUPATEN BOGOR,2017,LAHIR MATI,SEPSIS,5
KABUPATEN BOGOR,2017,LAHIR MATI,TETANUS,2
KABUPATEN CIAMIS,2017,LAHIR MATI,BBLR,34
KABUPATEN CIAMIS,2017,LAHIR MATI,ASFIKSIA,26
KABUPATEN CIAMIS,2017,LAHIR MATI,KELAINAN,18
KABUPATEN CIAMIS,2017,LAHIR MATI,SEPSIS,1
KABUPATEN CIAMIS,2017,LAHIR MATI,TETANUS,0
KABUPATEN CIANJUR,2017,LAHIR MATI,ASFIKSIA,69
KABUPATEN CIANJUR,2017,LAHIR MATI,BBLR,66
KABUPATEN CIANJUR,2017,LAHIR MATI,SEPSIS,12
KABUPATEN CIANJUR,2017,LAHIR MATI,KELAINAN,5
KABUPATEN CIANJUR,2017,LAHIR MATI,TETANUS,0
KABUPATEN CIREBON,2017,LAHIR MATI,BBLR,62
KABUPATEN CIREBON,2017,LAHIR MATI,ASFIKSIA,50
KABUPATEN CIREBON,2017,LAHIR MATI,KELAINAN,28
KABUPATEN CIREBON,2017,LAHIR MATI,SEPSIS,3
KABUPATEN CIREBON,2017,LAHIR MATI,TETANUS,0
KABUPATEN GARUT,2017,LAHIR MATI,BBLR,122
KABUPATEN GARUT,2017,LAHIR MATI,ASFIKSIA,54
KABUPATEN GARUT,2017,LAHIR MATI,KELAINAN,20
KABUPATEN GARUT,2017,LAHIR MATI,SEPSIS,2
KABUPATEN GARUT,2017,LAHIR MATI,TETANUS,1
KABUPATEN INDRAMAYU,2017,LAHIR MATI,BBLR,99
KABUPATEN INDRAMAYU,2017,LAHIR MATI,ASFIKSIA,56
KABUPATEN INDRAMAYU,2017,LAHIR MATI,KELAINAN,40
KABUPATEN INDRAMAYU,2017,LAHIR MATI,SEPSIS,9
KABUPATEN INDRAMAYU,2017,LAHIR MATI,TETANUS,0
KABUPATEN KARAWANG,2017,LAHIR MATI,BBLR,70
KABUPATEN KARAWANG,2017,LAHIR MATI,ASFIKSIA,51
KABUPATEN KARAWANG,2017,LAHIR MATI,KELAINAN,16
KABUPATEN KARAWANG,2017,LAHIR MATI,SEPSIS,6
KABUPATEN KARAWANG,2017,LAHIR MATI,TETANUS,0
KABUPATEN KUNINGAN,2017,LAHIR MATI,BBLR,34
KABUPATEN KUNINGAN,2017,LAHIR MATI,ASFIKSIA,13
KABUPATEN KUNINGAN,2017,LAHIR MATI,KELAINAN,11
KABUPATEN KUNINGAN,2017,LAHIR MATI,SEPSIS,0
KABUPATEN KUNINGAN,2017,LAHIR MATI,TETANUS,0
KABUPATEN MAJALENGKA,2017,LAHIR MATI,BBLR,35
KABUPATEN MAJALENGKA,2017,LAHIR MATI,ASFIKSIA,19
KABUPATEN MAJALENGKA,2017,LAHIR MATI,KELAINAN,7
KABUPATEN MAJALENGKA,2017,LAHIR MATI,SEPSIS,2
KABUPATEN MAJALENGKA,2017,LAHIR MATI,TETANUS,0
KABUPATEN PANGANDARAN,2017,LAHIR MATI,BBLR,19
KABUPATEN PANGANDARAN,2017,LAHIR MATI,ASFIKSIA,6
KABUPATEN PANGANDARAN,2017,LAHIR MATI,KELAINAN,4
KABUPATEN PANGANDARAN,2017,LAHIR MATI,SEPSIS,0
KABUPATEN PANGANDARAN,2017,LAHIR MATI,TETANUS,0
KABUPATEN PURWAKARTA,2017,LAHIR MATI,BBLR,36
KABUPATEN PURWAKARTA,2017,LAHIR MATI,ASFIKSIA,18
KABUPATEN PURWAKARTA,2017,LAHIR MATI,KELAINAN,8
KABUPATEN PURWAKARTA,2017,LAHIR MATI,SEPSIS,1
KABUPATEN PURWAKARTA,2017,LAHIR MATI,TETANUS,0
KABUPATEN SUBANG,2017,LAHIR MATI,ASFIKSIA,53
KABUPATEN SUBANG,2017,LAHIR MATI,BBLR,28
KABUPATEN SUBANG,2017,LAHIR MATI,KELAINAN,11
KABUPATEN SUBANG,2017,LAHIR MATI,SEPSIS,9
KABUPATEN SUBANG,2017,LAHIR MATI,TETANUS,0
KABUPATEN SUKABUMI,2017,LAHIR MATI,ASFIKSIA,87
KABUPATEN SUKABUMI,2017,LAHIR MATI,BBLR,54
KABUPATEN SUKABUMI,2017,LAHIR MATI,KELAINAN,27
KABUPATEN SUKABUMI,2017,LAHIR MATI,SEPSIS,2
KABUPATEN SUKABUMI,2017,LAHIR MATI,TETANUS,1
KABUPATEN SUMEDANG,2017,LAHIR MATI,BBLR,38
KABUPATEN SUMEDANG,2017,LAHIR MATI,ASFIKSIA,19
KABUPATEN SUMEDANG,2017,LAHIR MATI,KELAINAN,17
KABUPATEN SUMEDANG,2017,LAHIR MATI,SEPSIS,2
KABUPATEN SUMEDANG,2017,LAHIR MATI,TETANUS,0
KABUPATEN TASIKMALAYA,2017,LAHIR MATI,BBLR,64
KABUPATEN TASIKMALAYA,2017,LAHIR MATI,ASFIKSIA,56
KABUPATEN TASIKMALAYA,2017,LAHIR MATI,KELAINAN,19
KABUPATEN TASIKMALAYA,2017,LAHIR MATI,SEPSIS,12
KABUPATEN TASIKMALAYA,2017,LAHIR MATI,TETANUS,0
KOTA BANDUNG,2017,LAHIR MATI,BBLR,23
KOTA BANDUNG,2017,LAHIR MATI,ASFIKSIA,14
KOTA BANDUNG,2017,LAHIR MATI,SEPSIS,3
KOTA BANDUNG,2017,LAHIR MATI,KELAINAN,1
KOTA BANDUNG,2017,LAHIR MATI,TETANUS,0
KOTA BANJAR,2017,LAHIR MATI,BBLR,10
KOTA BANJAR,2017,LAHIR MATI,ASFIKSIA,5
KOTA BANJAR,2017,LAHIR MATI,KELAINAN,4
KOTA BANJAR,2017,LAHIR MATI,SEPSIS,2
KOTA BANJAR,2017,LAHIR MATI,TETANUS,0
KOTA BEKASI,2017,LAHIR MATI,ASFIKSIA,9
KOTA BEKASI,2017,LAHIR MATI,BBLR,8
KOTA BEKASI,2017,LAHIR MATI,SEPSIS,4
KOTA BEKASI,2017,LAHIR MATI,KELAINAN,0
KOTA BEKASI,2017,LAHIR MATI,TETANUS,0
KOTA BOGOR,2017,LAHIR MATI,BBLR,27
KOTA BOGOR,2017,LAHIR MATI,ASFIKSIA,18
KOTA BOGOR,2017,LAHIR MATI,KELAINAN,7
KOTA BOGOR,2017,LAHIR MATI,SEPSIS,0
KOTA BOGOR,2017,LAHIR MATI,TETANUS,0
KOTA CIMAHI,2017,LAHIR MATI,ASFIKSIA,23
KOTA CIMAHI,2017,LAHIR MATI,BBLR,23
KOTA CIMAHI,2017,LAHIR MATI,KELAINAN,6
KOTA CIMAHI,2017,LAHIR MATI,SEPSIS,0
KOTA CIMAHI,2017,LAHIR MATI,TETANUS,0
KOTA CIREBON,2017,LAHIR MATI,BBLR,9
KOTA CIREBON,2017,LAHIR MATI,ASFIKSIA,2
KOTA CIREBON,2017,LAHIR MATI,KELAINAN,2
KOTA CIREBON,2017,LAHIR MATI,SEPSIS,1
KOTA CIREBON,2017,LAHIR MATI,TETANUS,0
KOTA DEPOK,2017,LAHIR MATI,BBLR,26
KOTA DEPOK,2017,LAHIR MATI,ASFIKSIA,16
KOTA DEPOK,2017,LAHIR MATI,KELAINAN,10
KOTA DEPOK,2017,LAHIR MATI,SEPSIS,0
KOTA DEPOK,2017,LAHIR MATI,TETANUS,0
KOTA SUKABUMI,2017,LAHIR MATI,BBLR,11
KOTA SUKABUMI,2017,LAHIR MATI,ASFIKSIA,5
KOTA SUKABUMI,2017,LAHIR MATI,KELAINAN,4
KOTA SUKABUMI,2017,LAHIR MATI,SEPSIS,0
KOTA SUKABUMI,2017,LAHIR MATI,TETANUS,0
KOTA TASIKMALAYA,2017,LAHIR MATI,ASFIKSIA,3
KOTA TASIKMALAYA,2017,LAHIR MATI,BBLR,3
KOTA TASIKMALAYA,2017,LAHIR MATI,KELAINAN,1
KOTA TASIKMALAYA,2017,LAHIR MATI,SEPSIS,0
KOTA TASIKMALAYA,2017,LAHIR MATI,TETANUS,0
KABUPATEN BANDUNG,2018,KEMATIAN BALITA,CAMPAK,0
KABUPATEN BANDUNG,2018,KEMATIAN BALITA,DEMAM,0
KABUPATEN BANDUNG,2018,KEMATIAN BALITA,DIARE,0
KABUPATEN BANDUNG,2018,KEMATIAN BALITA,DIFTERI,0
KABUPATEN BANDUNG,2018,KEMATIAN BALITA,MALARIA,0
KABUPATEN BANDUNG,2018,KEMATIAN BALITA,PNEUMONIA,0
KABUPATEN BANDUNG BARAT,2018,KEMATIAN BALITA,DEMAM,1
KABUPATEN BANDUNG BARAT,2018,KEMATIAN BALITA,CAMPAK,0
KABUPATEN BANDUNG BARAT,2018,KEMATIAN BALITA,DIARE,0
KABUPATEN BANDUNG BARAT,2018,KEMATIAN BALITA,DIFTERI,0
KABUPATEN BANDUNG BARAT,2018,KEMATIAN BALITA,MALARIA,0
KABUPATEN BANDUNG BARAT,2018,KEMATIAN BALITA,PNEUMONIA,0
KABUPATEN BEKASI,2018,KEMATIAN BALITA,CAMPAK,0
KABUPATEN BEKASI,2018,KEMATIAN BALITA,DEMAM,0
KABUPATEN BEKASI,2018,KEMATIAN BALITA,DIARE,0
KABUPATEN BEKASI,2018,KEMATIAN BALITA,DIFTERI,0
KABUPATEN BEKASI,2018,KEMATIAN BALITA,MALARIA,0
KABUPATEN BEKASI,2018,KEMATIAN BALITA,PNEUMONIA,0
KABUPATEN BOGOR,2018,KEMATIAN BALITA,DEMAM,1
KABUPATEN BOGOR,2018,KEMATIAN BALITA,CAMPAK,0
KABUPATEN BOGOR,2018,KEMATIAN BALITA,DIARE,0
KABUPATEN BOGOR,2018,KEMATIAN BALITA,DIFTERI,0
KABUPATEN BOGOR,2018,KEMATIAN BALITA,MALARIA,0
KABUPATEN BOGOR,2018,KEMATIAN BALITA,PNEUMONIA,0
KABUPATEN CIAMIS,2018,KEMATIAN BALITA,DIARE,1
KABUPATEN CIAMIS,2018,KEMATIAN BALITA,PNEUMONIA,1
KABUPATEN CIAMIS,2018,KEMATIAN BALITA,CAMPAK,0
KABUPATEN CIAMIS,2018,KEMATIAN BALITA,DEMAM,0
KABUPATEN CIAMIS,2018,KEMATIAN BALITA,DIFTERI,0
KABUPATEN CIAMIS,2018,KEMATIAN BALITA,MALARIA,0
KABUPATEN CIANJUR,2018,KEMATIAN BALITA,PNEUMONIA,2
KABUPATEN CIANJUR,2018,KEMATIAN BALITA,DEMAM,1
KABUPATEN CIANJUR,2018,KEMATIAN BALITA,DIARE,1
KABUPATEN CIANJUR,2018,KEMATIAN BALITA,CAMPAK,0
KABUPATEN CIANJUR,2018,KEMATIAN BALITA,DIFTERI,0
KABUPATEN CIANJUR,2018,KEMATIAN BALITA,MALARIA,0
KABUPATEN CIREBON,2018,KEMATIAN BALITA,CAMPAK,0
KABUPATEN CIREBON,2018,KEMATIAN BALITA,DEMAM,0
KABUPATEN CIREBON,2018,KEMATIAN BALITA,DIARE,0
KABUPATEN CIREBON,2018,KEMATIAN BALITA,DIFTERI,0
KABUPATEN CIREBON,2018,KEMATIAN BALITA,MALARIA,0
KABUPATEN CIREBON,2018,KEMATIAN BALITA,PNEUMONIA,0
KABUPATEN GARUT,2018,KEMATIAN BALITA,PNEUMONIA,1
KABUPATEN GARUT,2018,KEMATIAN BALITA,CAMPAK,0
KABUPATEN GARUT,2018,KEMATIAN BALITA,DEMAM,0
KABUPATEN GARUT,2018,KEMATIAN BALITA,DIARE,0
KABUPATEN GARUT,2018,KEMATIAN BALITA,DIFTERI,0
KABUPATEN GARUT,2018,KEMATIAN BALITA,MALARIA,0
KABUPATEN INDRAMAYU,2018,KEMATIAN BALITA,DIARE,1
KABUPATEN INDRAMAYU,2018,KEMATIAN BALITA,PNEUMONIA,1
KABUPATEN INDRAMAYU,2018,KEMATIAN BALITA,CAMPAK,0
KABUPATEN INDRAMAYU,2018,KEMATIAN BALITA,DEMAM,0
KABUPATEN INDRAMAYU,2018,KEMATIAN BALITA,DIFTERI,0
KABUPATEN INDRAMAYU,2018,KEMATIAN BALITA,MALARIA,0
KABUPATEN KARAWANG,2018,KEMATIAN BALITA,DIARE,1
KABUPATEN KARAWANG,2018,KEMATIAN BALITA,CAMPAK,0
KABUPATEN KARAWANG,2018,KEMATIAN BALITA,DEMAM,0
KABUPATEN KARAWANG,2018,KEMATIAN BALITA,DIFTERI,0
KABUPATEN KARAWANG,2018,KEMATIAN BALITA,MALARIA,0
KABUPATEN KARAWANG,2018,KEMATIAN BALITA,PNEUMONIA,0
KABUPATEN KUNINGAN,2018,KEMATIAN BALITA,CAMPAK,0
KABUPATEN KUNINGAN,2018,KEMATIAN BALITA,DEMAM,0
KABUPATEN KUNINGAN,2018,KEMATIAN BALITA,DIARE,0
KABUPATEN KUNINGAN,2018,KEMATIAN BALITA,DIFTERI,0
KABUPATEN KUNINGAN,2018,KEMATIAN BALITA,MALARIA,0
KABUPATEN KUNINGAN,2018,KEMATIAN BALITA,PNEUMONIA,0
KABUPATEN MAJALENGKA,2018,KEMATIAN BALITA,DIARE,4
KABUPATEN MAJALENGKA,2018,KEMATIAN BALITA,DEMAM,1
KABUPATEN MAJALENGKA,2018,KEMATIAN BALITA,PNEUMONIA,1
KABUPATEN MAJALENGKA,2018,KEMATIAN BALITA,CAMPAK,0
KABUPATEN MAJALENGKA,2018,KEMATIAN BALITA,DIFTERI,0
KABUPATEN MAJALENGKA,2018,KEMATIAN BALITA,MALARIA,0
KABUPATEN PANGANDARAN,2018,KEMATIAN BALITA,DEMAM,1
KABUPATEN PANGANDARAN,2018,KEMATIAN BALITA,PNEUMONIA,1
KABUPATEN PANGANDARAN,2018,KEMATIAN BALITA,CAMPAK,0
KABUPATEN PANGANDARAN,2018,KEMATIAN BALITA,DIARE,0
KABUPATEN PANGANDARAN,2018,KEMATIAN BALITA,DIFTERI,0
KABUPATEN PANGANDARAN,2018,KEMATIAN BALITA,MALARIA,0
KABUPATEN PURWAKARTA,2018,KEMATIAN BALITA,DIARE,2
KABUPATEN PURWAKARTA,2018,KEMATIAN BALITA,CAMPAK,0
KABUPATEN PURWAKARTA,2018,KEMATIAN BALITA,DEMAM,0
KABUPATEN PURWAKARTA,2018,KEMATIAN BALITA,DIFTERI,0
KABUPATEN PURWAKARTA,2018,KEMATIAN BALITA,MALARIA,0
KABUPATEN PURWAKARTA,2018,KEMATIAN BALITA,PNEUMONIA,0
KABUPATEN SUBANG,2018,KEMATIAN BALITA,CAMPAK,0
KABUPATEN SUBANG,2018,KEMATIAN BALITA,DEMAM,0
KABUPATEN SUBANG,2018,KEMATIAN BALITA,DIARE,0
KABUPATEN SUBANG,2018,KEMATIAN BALITA,DIFTERI,0
KABUPATEN SUBANG,2018,KEMATIAN BALITA,MALARIA,0
KABUPATEN SUBANG,2018,KEMATIAN BALITA,PNEUMONIA,0
KABUPATEN SUKABUMI,2018,KEMATIAN BALITA,DIARE,10
KABUPATEN SUKABUMI,2018,KEMATIAN BALITA,PNEUMONIA,6
KABUPATEN SUKABUMI,2018,KEMATIAN BALITA,DEMAM,2
KABUPATEN SUKABUMI,2018,KEMATIAN BALITA,CAMPAK,0
KABUPATEN SUKABUMI,2018,KEMATIAN BALITA,DIFTERI,0
KABUPATEN SUKABUMI,2018,KEMATIAN BALITA,MALARIA,0
KABUPATEN SUMEDANG,2018,KEMATIAN BALITA,CAMPAK,0
KABUPATEN SUMEDANG,2018,KEMATIAN BALITA,DEMAM,0
KABUPATEN SUMEDANG,2018,KEMATIAN BALITA,DIARE,0
KABUPATEN SUMEDANG,2018,KEMATIAN BALITA,DIFTERI,0
KABUPATEN SUMEDANG,2018,KEMATIAN BALITA,MALARIA,0
KABUPATEN SUMEDANG,2018,KEMATIAN BALITA,PNEUMONIA,0
KABUPATEN TASIKMALAYA,2018,KEMATIAN BALITA,PNEUMONIA,4
KABUPATEN TASIKMALAYA,2018,KEMATIAN BALITA,DEMAM,3
KABUPATEN TASIKMALAYA,2018,KEMATIAN BALITA,CAMPAK,0
KABUPATEN TASIKMALAYA,2018,KEMATIAN BALITA,DIARE,0
KABUPATEN TASIKMALAYA,2018,KEMATIAN BALITA,DIFTERI,0
KABUPATEN TASIKMALAYA,2018,KEMATIAN BALITA,MALARIA,0
KOTA BANDUNG,2018,KEMATIAN BALITA,DEMAM,7
KOTA BANDUNG,2018,KEMATIAN BALITA,DIARE,1
KOTA BANDUNG,2018,KEMATIAN BALITA,CAMPAK,0
KOTA BANDUNG,2018,KEMATIAN BALITA,DIFTERI,0
KOTA BANDUNG,2018,KEMATIAN BALITA,MALARIA,0
KOTA BANDUNG,2018,KEMATIAN BALITA,PNEUMONIA,0
KOTA BANJAR,2018,KEMATIAN BALITA,DEMAM,1
KOTA BANJAR,2018,KEMATIAN BALITA,PNEUMONIA,1
KOTA BANJAR,2018,KEMATIAN BALITA,CAMPAK,0
KOTA BANJAR,2018,KEMATIAN BALITA,DIARE,0
KOTA BANJAR,2018,KEMATIAN BALITA,DIFTERI,0
KOTA BANJAR,2018,KEMATIAN BALITA,MALARIA,0
KOTA BEKASI,2018,KEMATIAN BALITA,CAMPAK,0
KOTA BEKASI,2018,KEMATIAN BALITA,DEMAM,0
KOTA BEKASI,2018,KEMATIAN BALITA,DIARE,0
KOTA BEKASI,2018,KEMATIAN BALITA,DIFTERI,0
KOTA BEKASI,2018,KEMATIAN BALITA,MALARIA,0
KOTA BEKASI,2018,KEMATIAN BALITA,PNEUMONIA,0
KOTA BOGOR,2018,KEMATIAN BALITA,DIARE,2
KOTA BOGOR,2018,KEMATIAN BALITA,DEMAM,1
KOTA BOGOR,2018,KEMATIAN BALITA,PNEUMONIA,1
KOTA BOGOR,2018,KEMATIAN BALITA,CAMPAK,0
KOTA BOGOR,2018,KEMATIAN BALITA,DIFTERI,0
KOTA BOGOR,2018,KEMATIAN BALITA,MALARIA,0
KOTA CIMAHI,2018,KEMATIAN BALITA,CAMPAK,0
KOTA CIMAHI,2018,KEMATIAN BALITA,DEMAM,0
KOTA CIMAHI,2018,KEMATIAN BALITA,DIARE,0
KOTA CIMAHI,2018,KEMATIAN BALITA,DIFTERI,0
KOTA CIMAHI,2018,KEMATIAN BALITA,MALARIA,0
KOTA CIMAHI,2018,KEMATIAN BALITA,PNEUMONIA,0
KOTA CIREBON,2018,KEMATIAN BALITA,CAMPAK,0
KOTA CIREBON,2018,KEMATIAN BALITA,DEMAM,0
KOTA CIREBON,2018,KEMATIAN BALITA,DIARE,0
KOTA CIREBON,2018,KEMATIAN BALITA,DIFTERI,0
KOTA CIREBON,2018,KEMATIAN BALITA,MALARIA,0
KOTA CIREBON,2018,KEMATIAN BALITA,PNEUMONIA,0
KOTA DEPOK,2018,KEMATIAN BALITA,DIARE,1
KOTA DEPOK,2018,KEMATIAN BALITA,CAMPAK,0
KOTA DEPOK,2018,KEMATIAN BALITA,DEMAM,0
KOTA DEPOK,2018,KEMATIAN BALITA,DIFTERI,0
KOTA DEPOK,2018,KEMATIAN BALITA,MALARIA,0
KOTA DEPOK,2018,KEMATIAN BALITA,PNEUMONIA,0
KOTA SUKABUMI,2018,KEMATIAN BALITA,DEMAM,1
KOTA SUKABUMI,2018,KEMATIAN BALITA,DIARE,1
KOTA SUKABUMI,2018,KEMATIAN BALITA,DIFTERI,1
KOTA SUKABUMI,2018,KEMATIAN BALITA,CAMPAK,0
KOTA SUKABUMI,2018,KEMATIAN BALITA,MALARIA,0
KOTA SUKABUMI,2018,KEMATIAN BALITA,PNEUMONIA,0
KOTA TASIKMALAYA,2018,KEMATIAN BALITA,PNEUMONIA,1
KOTA TASIKMALAYA,2018,KEMATIAN BALITA,CAMPAK,0
KOTA TASIKMALAYA,2018,KEMATIAN BALITA,DEMAM,0
KOTA TASIKMALAYA,2018,KEMATIAN BALITA,DIARE,0
KOTA TASIKMALAYA,2018,KEMATIAN BALITA,DIFTERI,0
KOTA TASIKMALAYA,2018,KEMATIAN BALITA,MALARIA,0
KABUPATEN BANDUNG,2018,KEMATIAN IBU,PENDARAHAN,19
KABUPATEN BANDUNG,2018,KEMATIAN IBU,HIPERTENSI,11
KABUPATEN BANDUNG,2018,KEMATIAN IBU,GANGGUAN DARAH,2
KABUPATEN BANDUNG,2018,KEMATIAN IBU,INFEKSI,2
KABUPATEN BANDUNG,2018,KEMATIAN IBU,GANGGUAN METABOLIK,0
KABUPATEN BANDUNG BARAT,2018,KEMATIAN IBU,HIPERTENSI,20
KABUPATEN BANDUNG BARAT,2018,KEMATIAN IBU,GANGGUAN DARAH,6
KABUPATEN BANDUNG BARAT,2018,KEMATIAN IBU,PENDARAHAN,5
KABUPATEN BANDUNG BARAT,2018,KEMATIAN IBU,INFEKSI,4
KABUPATEN BANDUNG BARAT,2018,KEMATIAN IBU,GANGGUAN METABOLIK,0
KABUPATEN BEKASI,2018,KEMATIAN IBU,HIPERTENSI,7
KABUPATEN BEKASI,2018,KEMATIAN IBU,PENDARAHAN,6
KABUPATEN BEKASI,2018,KEMATIAN IBU,GANGGUAN DARAH,5
KABUPATEN BEKASI,2018,KEMATIAN IBU,GANGGUAN METABOLIK,0
KABUPATEN BEKASI,2018,KEMATIAN IBU,INFEKSI,0
KABUPATEN BOGOR,2018,KEMATIAN IBU,PENDARAHAN,21
KABUPATEN BOGOR,2018,KEMATIAN IBU,HIPERTENSI,18
KABUPATEN BOGOR,2018,KEMATIAN IBU,INFEKSI,5
KABUPATEN BOGOR,2018,KEMATIAN IBU,GANGGUAN DARAH,4
KABUPATEN BOGOR,2018,KEMATIAN IBU,GANGGUAN METABOLIK,0
KABUPATEN CIAMIS,2018,KEMATIAN IBU,GANGGUAN DARAH,7
KABUPATEN CIAMIS,2018,KEMATIAN IBU,HIPERTENSI,3
KABUPATEN CIAMIS,2018,KEMATIAN IBU,PENDARAHAN,1
KABUPATEN CIAMIS,2018,KEMATIAN IBU,GANGGUAN METABOLIK,0
KABUPATEN CIAMIS,2018,KEMATIAN IBU,INFEKSI,0
KABUPATEN CIANJUR,2018,KEMATIAN IBU,PENDARAHAN,11
KABUPATEN CIANJUR,2018,KEMATIAN IBU,HIPERTENSI,7
KABUPATEN CIANJUR,2018,KEMATIAN IBU,GANGGUAN DARAH,5
KABUPATEN CIANJUR,2018,KEMATIAN IBU,INFEKSI,1
KABUPATEN CIANJUR,2018,KEMATIAN IBU,GANGGUAN METABOLIK,0
KABUPATEN CIREBON,2018,KEMATIAN IBU,HIPERTENSI,14
KABUPATEN CIREBON,2018,KEMATIAN IBU,PENDARAHAN,7
KABUPATEN CIREBON,2018,KEMATIAN IBU,GANGGUAN DARAH,5
KABUPATEN CIREBON,2018,KEMATIAN IBU,GANGGUAN METABOLIK,1
KABUPATEN CIREBON,2018,KEMATIAN IBU,INFEKSI,1
KABUPATEN GARUT,2018,KEMATIAN IBU,PENDARAHAN,25
KABUPATEN GARUT,2018,KEMATIAN IBU,GANGGUAN DARAH,13
KABUPATEN GARUT,2018,KEMATIAN IBU,HIPERTENSI,11
KABUPATEN GARUT,2018,KEMATIAN IBU,INFEKSI,1
KABUPATEN GARUT,2018,KEMATIAN IBU,GANGGUAN METABOLIK,0
KABUPATEN INDRAMAYU,2018,KEMATIAN IBU,HIPERTENSI,20
KABUPATEN INDRAMAYU,2018,KEMATIAN IBU,PENDARAHAN,10
KABUPATEN INDRAMAYU,2018,KEMATIAN IBU,GANGGUAN DARAH,9
KABUPATEN INDRAMAYU,2018,KEMATIAN IBU,INFEKSI,8
KABUPATEN INDRAMAYU,2018,KEMATIAN IBU,GANGGUAN METABOLIK,2
KABUPATEN KARAWANG,2018,KEMATIAN IBU,HIPERTENSI,13
KABUPATEN KARAWANG,2018,KEMATIAN IBU,PENDARAHAN,11
KABUPATEN KARAWANG,2018,KEMATIAN IBU,GANGGUAN DARAH,7
KABUPATEN KARAWANG,2018,KEMATIAN IBU,INFEKSI,5
KABUPATEN KARAWANG,2018,KEMATIAN IBU,GANGGUAN METABOLIK,0
KABUPATEN KUNINGAN,2018,KEMATIAN IBU,PENDARAHAN,5
KABUPATEN KUNINGAN,2018,KEMATIAN IBU,GANGGUAN DARAH,3
KABUPATEN KUNINGAN,2018,KEMATIAN IBU,HIPERTENSI,3
KABUPATEN KUNINGAN,2018,KEMATIAN IBU,INFEKSI,1
KABUPATEN KUNINGAN,2018,KEMATIAN IBU,GANGGUAN METABOLIK,0
KABUPATEN MAJALENGKA,2018,KEMATIAN IBU,HIPERTENSI,8
KABUPATEN MAJALENGKA,2018,KEMATIAN IBU,PENDARAHAN,6
KABUPATEN MAJALENGKA,2018,KEMATIAN IBU,GANGGUAN DARAH,1
KABUPATEN MAJALENGKA,2018,KEMATIAN IBU,GANGGUAN METABOLIK,0
KABUPATEN MAJALENGKA,2018,KEMATIAN IBU,INFEKSI,0
KABUPATEN PANGANDARAN,2018,KEMATIAN IBU,PENDARAHAN,2
KABUPATEN PANGANDARAN,2018,KEMATIAN IBU,GANGGUAN DARAH,1
KABUPATEN PANGANDARAN,2018,KEMATIAN IBU,GANGGUAN METABOLIK,0
KABUPATEN PANGANDARAN,2018,KEMATIAN IBU,HIPERTENSI,0
KABUPATEN PANGANDARAN,2018,KEMATIAN IBU,INFEKSI,0
KABUPATEN PURWAKARTA,2018,KEMATIAN IBU,HIPERTENSI,12
KABUPATEN PURWAKARTA,2018,KEMATIAN IBU,PENDARAHAN,7
KABUPATEN PURWAKARTA,2018,KEMATIAN IBU,GANGGUAN DARAH,3
KABUPATEN PURWAKARTA,2018,KEMATIAN IBU,GANGGUAN METABOLIK,3
KABUPATEN PURWAKARTA,2018,KEMATIAN IBU,INFEKSI,2
KABUPATEN SUBANG,2018,KEMATIAN IBU,HIPERTENSI,11
KABUPATEN SUBANG,2018,KEMATIAN IBU,PENDARAHAN,6
KABUPATEN SUBANG,2018,KEMATIAN IBU,GANGGUAN METABOLIK,4
KABUPATEN SUBANG,2018,KEMATIAN IBU,INFEKSI,1
KABUPATEN SUBANG,2018,KEMATIAN IBU,GANGGUAN DARAH,0
KABUPATEN SUKABUMI,2018,KEMATIAN IBU,HIPERTENSI,17
KABUPATEN SUKABUMI,2018,KEMATIAN IBU,PENDARAHAN,14
KABUPATEN SUKABUMI,2018,KEMATIAN IBU,GANGGUAN DARAH,4
KABUPATEN SUKABUMI,2018,KEMATIAN IBU,GANGGUAN METABOLIK,0
KABUPATEN SUKABUMI,2018,KEMATIAN IBU,INFEKSI,0
KABUPATEN SUMEDANG,2018,KEMATIAN IBU,GANGGUAN DARAH,7
KABUPATEN SUMEDANG,2018,KEMATIAN IBU,HIPERTENSI,4
KABUPATEN SUMEDANG,2018,KEMATIAN IBU,PENDARAHAN,2
KABUPATEN SUMEDANG,2018,KEMATIAN IBU,GANGGUAN METABOLIK,0
KABUPATEN SUMEDANG,2018,KEMATIAN IBU,INFEKSI,0
KABUPATEN TASIKMALAYA,2018,KEMATIAN IBU,HIPERTENSI,8
KABUPATEN TASIKMALAYA,2018,KEMATIAN IBU,PENDARAHAN,7
KABUPATEN TASIKMALAYA,2018,KEMATIAN IBU,GANGGUAN DARAH,3
KABUPATEN TASIKMALAYA,2018,KEMATIAN IBU,GANGGUAN METABOLIK,0
KABUPATEN TASIKMALAYA,2018,KEMATIAN IBU,INFEKSI,0
KOTA BANDUNG,2018,KEMATIAN IBU,GANGGUAN DARAH,11
KOTA BANDUNG,2018,KEMATIAN IBU,HIPERTENSI,2
KOTA BANDUNG,2018,KEMATIAN IBU,PENDARAHAN,2
KOTA BANDUNG,2018,KEMATIAN IBU,GANGGUAN METABOLIK,0
KOTA BANDUNG,2018,KEMATIAN IBU,INFEKSI,0
KOTA BANJAR,2018,KEMATIAN IBU,PENDARAHAN,1
KOTA BANJAR,2018,KEMATIAN IBU,GANGGUAN DARAH,0
KOTA BANJAR,2018,KEMATIAN IBU,GANGGUAN METABOLIK,0
KOTA BANJAR,2018,KEMATIAN IBU,HIPERTENSI,0
KOTA BANJAR,2018,KEMATIAN IBU,INFEKSI,0
KOTA BEKASI,2018,KEMATIAN IBU,PENDARAHAN,7
KOTA BEKASI,2018,KEMATIAN IBU,GANGGUAN DARAH,5
KOTA BEKASI,2018,KEMATIAN IBU,INFEKSI,2
KOTA BEKASI,2018,KEMATIAN IBU,HIPERTENSI,1
KOTA BEKASI,2018,KEMATIAN IBU,GANGGUAN METABOLIK,0
KOTA BOGOR,2018,KEMATIAN IBU,HIPERTENSI,4
KOTA BOGOR,2018,KEMATIAN IBU,GANGGUAN DARAH,3
KOTA BOGOR,2018,KEMATIAN IBU,PENDARAHAN,2
KOTA BOGOR,2018,KEMATIAN IBU,GANGGUAN METABOLIK,0
KOTA BOGOR,2018,KEMATIAN IBU,INFEKSI,0
KOTA CIMAHI,2018,KEMATIAN IBU,GANGGUAN DARAH,3
KOTA CIMAHI,2018,KEMATIAN IBU,HIPERTENSI,3
KOTA CIMAHI,2018,KEMATIAN IBU,PENDARAHAN,2
KOTA CIMAHI,2018,KEMATIAN IBU,GANGGUAN METABOLIK,0
KOTA CIMAHI,2018,KEMATIAN IBU,INFEKSI,0
KOTA CIREBON,2018,KEMATIAN IBU,HIPERTENSI,1
KOTA CIREBON,2018,KEMATIAN IBU,PENDARAHAN,1
KOTA CIREBON,2018,KEMATIAN IBU,GANGGUAN DARAH,0
KOTA CIREBON,2018,KEMATIAN IBU,GANGGUAN METABOLIK,0
KOTA CIREBON,2018,KEMATIAN IBU,INFEKSI,0
KOTA DEPOK,2018,KEMATIAN IBU,GANGGUAN DARAH,6
KOTA DEPOK,2018,KEMATIAN IBU,HIPERTENSI,4
KOTA DEPOK,2018,KEMATIAN IBU,PENDARAHAN,3
KOTA DEPOK,2018,KEMATIAN IBU,GANGGUAN METABOLIK,1
KOTA DEPOK,2018,KEMATIAN IBU,INFEKSI,0
KOTA SUKABUMI,2018,KEMATIAN IBU,GANGGUAN DARAH,3
KOTA SUKABUMI,2018,KEMATIAN IBU,HIPERTENSI,1
KOTA SUKABUMI,2018,KEMATIAN IBU,GANGGUAN METABOLIK,0
KOTA SUKABUMI,2018,KEMATIAN IBU,INFEKSI,0
KOTA SUKABUMI,2018,KEMATIAN IBU,PENDARAHAN,0
KOTA TASIKMALAYA,2018,KEMATIAN IBU,HIPERTENSI,5
KOTA TASIKMALAYA,2018,KEMATIAN IBU,GANGGUAN DARAH,3
KOTA TASIKMALAYA,2018,KEMATIAN IBU,INFEKSI,3
KOTA TASIKMALAYA,2018,KEMATIAN IBU,PENDARAHAN,1
KOTA TASIKMALAYA,2018,KEMATIAN IBU,GANGGUAN METABOLIK,0
KABUPATEN BANDUNG,2018,KEMATIAN POST-NEO,PNEUMONIA,2
KABUPATEN BANDUNG,2018,KEMATIAN POST-NEO,DIARE,1
KABUPATEN BANDUNG,2018,KEMATIAN POST-NEO,KELAINAN SARAF,0
KABUPATEN BANDUNG,2018,KEMATIAN POST-NEO,MALARIA,0
KABUPATEN BANDUNG,2018,KEMATIAN POST-NEO,SALURAN CERNA,0
KABUPATEN BANDUNG,2018,KEMATIAN POST-NEO,TETANUS,0
KABUPATEN BANDUNG BARAT,2018,KEMATIAN POST-NEO,PNEUMONIA,3
KABUPATEN BANDUNG BARAT,2018,KEMATIAN POST-NEO,DIARE,2
KABUPATEN BANDUNG BARAT,2018,KEMATIAN POST-NEO,KELAINAN SARAF,0
KABUPATEN BANDUNG BARAT,2018,KEMATIAN POST-NEO,MALARIA,0
KABUPATEN BANDUNG BARAT,2018,KEMATIAN POST-NEO,SALURAN CERNA,0
KABUPATEN BANDUNG BARAT,2018,KEMATIAN POST-NEO,TETANUS,0
KABUPATEN BEKASI,2018,KEMATIAN POST-NEO,DIARE,0
KABUPATEN BEKASI,2018,KEMATIAN POST-NEO,KELAINAN SARAF,0
KABUPATEN BEKASI,2018,KEMATIAN POST-NEO,MALARIA,0
KABUPATEN BEKASI,2018,KEMATIAN POST-NEO,PNEUMONIA,0
KABUPATEN BEKASI,2018,KEMATIAN POST-NEO,SALURAN CERNA,0
KABUPATEN BEKASI,2018,KEMATIAN POST-NEO,TETANUS,0
KABUPATEN BOGOR,2018,KEMATIAN POST-NEO,DIARE,5
KABUPATEN BOGOR,2018,KEMATIAN POST-NEO,PNEUMONIA,5
KABUPATEN BOGOR,2018,KEMATIAN POST-NEO,SALURAN CERNA,1
KABUPATEN BOGOR,2018,KEMATIAN POST-NEO,KELAINAN SARAF,0
KABUPATEN BOGOR,2018,KEMATIAN POST-NEO,MALARIA,0
KABUPATEN BOGOR,2018,KEMATIAN POST-NEO,TETANUS,0
KABUPATEN CIAMIS,2018,KEMATIAN POST-NEO,PNEUMONIA,6
KABUPATEN CIAMIS,2018,KEMATIAN POST-NEO,DIARE,3
KABUPATEN CIAMIS,2018,KEMATIAN POST-NEO,SALURAN CERNA,1
KABUPATEN CIAMIS,2018,KEMATIAN POST-NEO,KELAINAN SARAF,0
KABUPATEN CIAMIS,2018,KEMATIAN POST-NEO,MALARIA,0
KABUPATEN CIAMIS,2018,KEMATIAN POST-NEO,TETANUS,0
KABUPATEN CIANJUR,2018,KEMATIAN POST-NEO,PNEUMONIA,3
KABUPATEN CIANJUR,2018,KEMATIAN POST-NEO,DIARE,1
KABUPATEN CIANJUR,2018,KEMATIAN POST-NEO,SALURAN CERNA,1
KABUPATEN CIANJUR,2018,KEMATIAN POST-NEO,TETANUS,1
KABUPATEN CIANJUR,2018,KEMATIAN POST-NEO,KELAINAN SARAF,0
KABUPATEN CIANJUR,2018,KEMATIAN POST-NEO,MALARIA,0
KABUPATEN CIREBON,2018,KEMATIAN POST-NEO,DIARE,2
KABUPATEN CIREBON,2018,KEMATIAN POST-NEO,PNEUMONIA,1
KABUPATEN CIREBON,2018,KEMATIAN POST-NEO,KELAINAN SARAF,0
KABUPATEN CIREBON,2018,KEMATIAN POST-NEO,MALARIA,0
KABUPATEN CIREBON,2018,KEMATIAN POST-NEO,SALURAN CERNA,0
KABUPATEN CIREBON,2018,KEMATIAN POST-NEO,TETANUS,0
KABUPATEN GARUT,2018,KEMATIAN POST-NEO,DIARE,3
KABUPATEN GARUT,2018,KEMATIAN POST-NEO,PNEUMONIA,2
KABUPATEN GARUT,2018,KEMATIAN POST-NEO,KELAINAN SARAF,1
KABUPATEN GARUT,2018,KEMATIAN POST-NEO,SALURAN CERNA,1
KABUPATEN GARUT,2018,KEMATIAN POST-NEO,MALARIA,0
KABUPATEN GARUT,2018,KEMATIAN POST-NEO,TETANUS,0
KABUPATEN INDRAMAYU,2018,KEMATIAN POST-NEO,DIARE,3
KABUPATEN INDRAMAYU,2018,KEMATIAN POST-NEO,PNEUMONIA,2
KABUPATEN INDRAMAYU,2018,KEMATIAN POST-NEO,SALURAN CERNA,1
KABUPATEN INDRAMAYU,2018,KEMATIAN POST-NEO,KELAINAN SARAF,0
KABUPATEN INDRAMAYU,2018,KEMATIAN POST-NEO,MALARIA,0
KABUPATEN INDRAMAYU,2018,KEMATIAN POST-NEO,TETANUS,0
KABUPATEN KARAWANG,2018,KEMATIAN POST-NEO,DIARE,3
KABUPATEN KARAWANG,2018,KEMATIAN POST-NEO,PNEUMONIA,2
KABUPATEN KARAWANG,2018,KEMATIAN POST-NEO,KELAINAN SARAF,0
KABUPATEN KARAWANG,2018,KEMATIAN POST-NEO,MALARIA,0
KABUPATEN KARAWANG,2018,KEMATIAN POST-NEO,SALURAN CERNA,0
KABUPATEN KARAWANG,2018,KEMATIAN POST-NEO,TETANUS,0
KABUPATEN KUNINGAN,2018,KEMATIAN POST-NEO,PNEUMONIA,1
KABUPATEN KUNINGAN,2018,KEMATIAN POST-NEO,SALURAN CERNA,1
KABUPATEN KUNINGAN,2018,KEMATIAN POST-NEO,DIARE,0
KABUPATEN KUNINGAN,2018,KEMATIAN POST-NEO,KELAINAN SARAF,0
KABUPATEN KUNINGAN,2018,KEMATIAN POST-NEO,MALARIA,0
KABUPATEN KUNINGAN,2018,KEMATIAN POST-NEO,TETANUS,0
KABUPATEN MAJALENGKA,2018,KEMATIAN POST-NEO,PNEUMONIA,4
KABUPATEN MAJALENGKA,2018,KEMATIAN POST-NEO,DIARE,1
KABUPATEN MAJALENGKA,2018,KEMATIAN POST-NEO,KELAINAN SARAF,0
KABUPATEN MAJALENGKA,2018,KEMATIAN POST-NEO,MALARIA,0
KABUPATEN MAJALENGKA,2018,KEMATIAN POST-NEO,SALURAN CERNA,0
KABUPATEN MAJALENGKA,2018,KEMATIAN POST-NEO,TETANUS,0
KABUPATEN PANGANDARAN,2018,KEMATIAN POST-NEO,PNEUMONIA,1
KABUPATEN PANGANDARAN,2018,KEMATIAN POST-NEO,DIARE,0
KABUPATEN PANGANDARAN,2018,KEMATIAN POST-NEO,KELAINAN SARAF,0
KABUPATEN PANGANDARAN,2018,KEMATIAN POST-NEO,MALARIA,0
KABUPATEN PANGANDARAN,2018,KEMATIAN POST-NEO,SALURAN CERNA,0
KABUPATEN PANGANDARAN,2018,KEMATIAN POST-NEO,TETANUS,0
KABUPATEN PURWAKARTA,2018,KEMATIAN POST-NEO,KELAINAN SARAF,3
KABUPATEN PURWAKARTA,2018,KEMATIAN POST-NEO,DIARE,2
KABUPATEN PURWAKARTA,2018,KEMATIAN POST-NEO,PNEUMONIA,2
KABUPATEN PURWAKARTA,2018,KEMATIAN POST-NEO,MALARIA,0
KABUPATEN PURWAKARTA,2018,KEMATIAN POST-NEO,SALURAN CERNA,0
KABUPATEN PURWAKARTA,2018,KEMATIAN POST-NEO,TETANUS,0
KABUPATEN SUBANG,2018,KEMATIAN POST-NEO,PNEUMONIA,1
KABUPATEN SUBANG,2018,KEMATIAN POST-NEO,DIARE,0
KABUPATEN SUBANG,2018,KEMATIAN POST-NEO,KELAINAN SARAF,0
KABUPATEN SUBANG,2018,KEMATIAN POST-NEO,MALARIA,0
KABUPATEN SUBANG,2018,KEMATIAN POST-NEO,SALURAN CERNA,0
KABUPATEN SUBANG,2018,KEMATIAN POST-NEO,TETANUS,0
KABUPATEN SUKABUMI,2018,KEMATIAN POST-NEO,PNEUMONIA,27
KABUPATEN SUKABUMI,2018,KEMATIAN POST-NEO,DIARE,12
KABUPATEN SUKABUMI,2018,KEMATIAN POST-NEO,KELAINAN SARAF,3
KABUPATEN SUKABUMI,2018,KEMATIAN POST-NEO,SALURAN CERNA,3
KABUPATEN SUKABUMI,2018,KEMATIAN POST-NEO,MALARIA,2
KABUPATEN SUKABUMI,2018,KEMATIAN POST-NEO,TETANUS,0
KABUPATEN SUMEDANG,2018,KEMATIAN POST-NEO,PNEUMONIA,8
KABUPATEN SUMEDANG,2018,KEMATIAN POST-NEO,SALURAN CERNA,1
KABUPATEN SUMEDANG,2018,KEMATIAN POST-NEO,DIARE,0
KABUPATEN SUMEDANG,2018,KEMATIAN POST-NEO,KELAINAN SARAF,0
KABUPATEN SUMEDANG,2018,KEMATIAN POST-NEO,MALARIA,0
KABUPATEN SUMEDANG,2018,KEMATIAN POST-NEO,TETANUS,0
KABUPATEN TASIKMALAYA,2018,KEMATIAN POST-NEO,PNEUMONIA,17
KABUPATEN TASIKMALAYA,2018,KEMATIAN POST-NEO,DIARE,9
KABUPATEN TASIKMALAYA,2018,KEMATIAN POST-NEO,KELAINAN SARAF,2
KABUPATEN TASIKMALAYA,2018,KEMATIAN POST-NEO,MALARIA,1
KABUPATEN TASIKMALAYA,2018,KEMATIAN POST-NEO,SALURAN CERNA,1
KABUPATEN TASIKMALAYA,2018,KEMATIAN POST-NEO,TETANUS,0
KOTA BANDUNG,2018,KEMATIAN POST-NEO,DIARE,5
KOTA BANDUNG,2018,KEMATIAN POST-NEO,PNEUMONIA,4
KOTA BANDUNG,2018,KEMATIAN POST-NEO,SALURAN CERNA,3
KOTA BANDUNG,2018,KEMATIAN POST-NEO,KELAINAN SARAF,0
KOTA BANDUNG,2018,KEMATIAN POST-NEO,MALARIA,0
KOTA BANDUNG,2018,KEMATIAN POST-NEO,TETANUS,0
KOTA BANJAR,2018,KEMATIAN POST-NEO,DIARE,3
KOTA BANJAR,2018,KEMATIAN POST-NEO,PNEUMONIA,1
KOTA BANJAR,2018,KEMATIAN POST-NEO,KELAINAN SARAF,0
KOTA BANJAR,2018,KEMATIAN POST-NEO,MALARIA,0
KOTA BANJAR,2018,KEMATIAN POST-NEO,SALURAN CERNA,0
KOTA BANJAR,2018,KEMATIAN POST-NEO,TETANUS,0
KOTA BEKASI,2018,KEMATIAN POST-NEO,DIARE,1
KOTA BEKASI,2018,KEMATIAN POST-NEO,KELAINAN SARAF,0
KOTA BEKASI,2018,KEMATIAN POST-NEO,MALARIA,0
KOTA BEKASI,2018,KEMATIAN POST-NEO,PNEUMONIA,0
KOTA BEKASI,2018,KEMATIAN POST-NEO,SALURAN CERNA,0
KOTA BEKASI,2018,KEMATIAN POST-NEO,TETANUS,0
KOTA BOGOR,2018,KEMATIAN POST-NEO,PNEUMONIA,5
KOTA BOGOR,2018,KEMATIAN POST-NEO,DIARE,1
KOTA BOGOR,2018,KEMATIAN POST-NEO,SALURAN CERNA,1
KOTA BOGOR,2018,KEMATIAN POST-NEO,KELAINAN SARAF,0
KOTA BOGOR,2018,KEMATIAN POST-NEO,MALARIA,0
KOTA BOGOR,2018,KEMATIAN POST-NEO,TETANUS,0
KOTA CIMAHI,2018,KEMATIAN POST-NEO,DIARE,2
KOTA CIMAHI,2018,KEMATIAN POST-NEO,PNEUMONIA,2
KOTA CIMAHI,2018,KEMATIAN POST-NEO,KELAINAN SARAF,0
KOTA CIMAHI,2018,KEMATIAN POST-NEO,MALARIA,0
KOTA CIMAHI,2018,KEMATIAN POST-NEO,SALURAN CERNA,0
KOTA CIMAHI,2018,KEMATIAN POST-NEO,TETANUS,0
KOTA CIREBON,2018,KEMATIAN POST-NEO,PNEUMONIA,3
KOTA CIREBON,2018,KEMATIAN POST-NEO,DIARE,0
KOTA CIREBON,2018,KEMATIAN POST-NEO,KELAINAN SARAF,0
KOTA CIREBON,2018,KEMATIAN POST-NEO,MALARIA,0
KOTA CIREBON,2018,KEMATIAN POST-NEO,SALURAN CERNA,0
KOTA CIREBON,2018,KEMATIAN POST-NEO,TETANUS,0
KOTA DEPOK,2018,KEMATIAN POST-NEO,KELAINAN SARAF,2
KOTA DEPOK,2018,KEMATIAN POST-NEO,PNEUMONIA,2
KOTA DEPOK,2018,KEMATIAN POST-NEO,SALURAN CERNA,1
KOTA DEPOK,2018,KEMATIAN POST-NEO,DIARE,0
KOTA DEPOK,2018,KEMATIAN POST-NEO,MALARIA,0
KOTA DEPOK,2018,KEMATIAN POST-NEO,TETANUS,0
KOTA SUKABUMI,2018,KEMATIAN POST-NEO,DIARE,2
KOTA SUKABUMI,2018,KEMATIAN POST-NEO,PNEUMONIA,1
KOTA SUKABUMI,2018,KEMATIAN POST-NEO,KELAINAN SARAF,0
KOTA SUKABUMI,2018,KEMATIAN POST-NEO,MALARIA,0
KOTA SUKABUMI,2018,KEMATIAN POST-NEO,SALURAN CERNA,0
KOTA SUKABUMI,2018,KEMATIAN POST-NEO,TETANUS,0
KOTA TASIKMALAYA,2018,KEMATIAN POST-NEO,DIARE,4
KOTA TASIKMALAYA,2018,KEMATIAN POST-NEO,PNEUMONIA,2
KOTA TASIKMALAYA,2018,KEMATIAN POST-NEO,SALURAN CERNA,2
KOTA TASIKMALAYA,2018,KEMATIAN POST-NEO,KELAINAN SARAF,0
KOTA TASIKMALAYA,2018,KEMATIAN POST-NEO,MALARIA,0
KOTA TASIKMALAYA,2018,KEMATIAN POST-NEO,TETANUS,0
KABUPATEN BANDUNG,2018,LAHIR MATI,BBLR,98
KABUPATEN BANDUNG,2018,LAHIR MATI,ASFIKSIA,45
KABUPATEN BANDUNG,2018,LAHIR MATI,KELAINAN,18
KABUPATEN BANDUNG,2018,LAHIR MATI,SEPSIS,8
KABUPATEN BANDUNG,2018,LAHIR MATI,TETANUS,2
KABUPATEN BANDUNG BARAT,2018,LAHIR MATI,BBLR,71
KABUPATEN BANDUNG BARAT,2018,LAHIR MATI,ASFIKSIA,47
KABUPATEN BANDUNG BARAT,2018,LAHIR MATI,KELAINAN,8
KABUPATEN BANDUNG BARAT,2018,LAHIR MATI,SEPSIS,1
KABUPATEN BANDUNG BARAT,2018,LAHIR MATI,TETANUS,0
KABUPATEN BEKASI,2018,LAHIR MATI,ASFIKSIA,15
KABUPATEN BEKASI,2018,LAHIR MATI,BBLR,8
KABUPATEN BEKASI,2018,LAHIR MATI,KELAINAN,2
KABUPATEN BEKASI,2018,LAHIR MATI,SEPSIS,2
KABUPATEN BEKASI,2018,LAHIR MATI,TETANUS,0
KABUPATEN BOGOR,2018,LAHIR MATI,BBLR,37
KABUPATEN BOGOR,2018,LAHIR MATI,ASFIKSIA,17
KABUPATEN BOGOR,2018,LAHIR MATI,KELAINAN,14
KABUPATEN BOGOR,2018,LAHIR MATI,SEPSIS,7
KABUPATEN BOGOR,2018,LAHIR MATI,TETANUS,1
KABUPATEN CIAMIS,2018,LAHIR MATI,BBLR,27
KABUPATEN CIAMIS,2018,LAHIR MATI,ASFIKSIA,16
KABUPATEN CIAMIS,2018,LAHIR MATI,KELAINAN,14
KABUPATEN CIAMIS,2018,LAHIR MATI,SEPSIS,1
KABUPATEN CIAMIS,2018,LAHIR MATI,TETANUS,1
KABUPATEN CIANJUR,2018,LAHIR MATI,ASFIKSIA,34
KABUPATEN CIANJUR,2018,LAHIR MATI,BBLR,21
KABUPATEN CIANJUR,2018,LAHIR MATI,KELAINAN,6
KABUPATEN CIANJUR,2018,LAHIR MATI,SEPSIS,2
KABUPATEN CIANJUR,2018,LAHIR MATI,TETANUS,0
KABUPATEN CIREBON,2018,LAHIR MATI,ASFIKSIA,57
KABUPATEN CIREBON,2018,LAHIR MATI,BBLR,51
KABUPATEN CIREBON,2018,LAHIR MATI,KELAINAN,10
KABUPATEN CIREBON,2018,LAHIR MATI,SEPSIS,1
KABUPATEN CIREBON,2018,LAHIR MATI,TETANUS,0
KABUPATEN GARUT,2018,LAHIR MATI,BBLR,98
KABUPATEN GARUT,2018,LAHIR MATI,ASFIKSIA,68
KABUPATEN GARUT,2018,LAHIR MATI,KELAINAN,35
KABUPATEN GARUT,2018,LAHIR MATI,SEPSIS,3
KABUPATEN GARUT,2018,LAHIR MATI,TETANUS,2
KABUPATEN INDRAMAYU,2018,LAHIR MATI,BBLR,98
KABUPATEN INDRAMAYU,2018,LAHIR MATI,ASFIKSIA,55
KABUPATEN INDRAMAYU,2018,LAHIR MATI,KELAINAN,24
KABUPATEN INDRAMAYU,2018,LAHIR MATI,SEPSIS,5
KABUPATEN INDRAMAYU,2018,LAHIR MATI,TETANUS,0
KABUPATEN KARAWANG,2018,LAHIR MATI,BBLR,74
KABUPATEN KARAWANG,2018,LAHIR MATI,ASFIKSIA,25
KABUPATEN KARAWANG,2018,LAHIR MATI,KELAINAN,22
KABUPATEN KARAWANG,2018,LAHIR MATI,SEPSIS,4
KABUPATEN KARAWANG,2018,LAHIR MATI,TETANUS,0
KABUPATEN KUNINGAN,2018,LAHIR MATI,BBLR,26
KABUPATEN KUNINGAN,2018,LAHIR MATI,ASFIKSIA,20
KABUPATEN KUNINGAN,2018,LAHIR MATI,KELAINAN,10
KABUPATEN KUNINGAN,2018,LAHIR MATI,SEPSIS,2
KABUPATEN KUNINGAN,2018,LAHIR MATI,TETANUS,0
KABUPATEN MAJALENGKA,2018,LAHIR MATI,BBLR,29
KABUPATEN MAJALENGKA,2018,LAHIR MATI,ASFIKSIA,18
KABUPATEN MAJALENGKA,2018,LAHIR MATI,KELAINAN,10
KABUPATEN MAJALENGKA,2018,LAHIR MATI,SEPSIS,1
KABUPATEN MAJALENGKA,2018,LAHIR MATI,TETANUS,0
KABUPATEN PANGANDARAN,2018,LAHIR MATI,BBLR,13
KABUPATEN PANGANDARAN,2018,LAHIR MATI,ASFIKSIA,9
KABUPATEN PANGANDARAN,2018,LAHIR MATI,KELAINAN,2
KABUPATEN PANGANDARAN,2018,LAHIR MATI,SEPSIS,0
KABUPATEN PANGANDARAN,2018,LAHIR MATI,TETANUS,0
KABUPATEN PURWAKARTA,2018,LAHIR MATI,BBLR,24
KABUPATEN PURWAKARTA,2018,LAHIR MATI,ASFIKSIA,13
KABUPATEN PURWAKARTA,2018,LAHIR MATI,KELAINAN,2
KABUPATEN PURWAKARTA,2018,LAHIR MATI,SEPSIS,1
KABUPATEN PURWAKARTA,2018,LAHIR MATI,TETANUS,0
KABUPATEN SUBANG,2018,LAHIR MATI,ASFIKSIA,40
KABUPATEN SUBANG,2018,LAHIR MATI,BBLR,35
KABUPATEN SUBANG,2018,LAHIR MATI,SEPSIS,12
KABUPATEN SUBANG,2018,LAHIR MATI,KELAINAN,10
KABUPATEN SUBANG,2018,LAHIR MATI,TETANUS,0
KABUPATEN SUKABUMI,2018,LAHIR MATI,BBLR,76
KABUPATEN SUKABUMI,2018,LAHIR MATI,ASFIKSIA,64
KABUPATEN SUKABUMI,2018,LAHIR MATI,KELAINAN,21
KABUPATEN SUKABUMI,2018,LAHIR MATI,SEPSIS,6
KABUPATEN SUKABUMI,2018,LAHIR MATI,TETANUS,0
KABUPATEN SUMEDANG,2018,LAHIR MATI,BBLR,45
KABUPATEN SUMEDANG,2018,LAHIR MATI,ASFIKSIA,28
KABUPATEN SUMEDANG,2018,LAHIR MATI,KELAINAN,14
KABUPATEN SUMEDANG,2018,LAHIR MATI,SEPSIS,2
KABUPATEN SUMEDANG,2018,LAHIR MATI,TETANUS,0
KABUPATEN TASIKMALAYA,2018,LAHIR MATI,BBLR,104
KABUPATEN TASIKMALAYA,2018,LAHIR MATI,ASFIKSIA,47
KABUPATEN TASIKMALAYA,2018,LAHIR MATI,KELAINAN,22
KABUPATEN TASIKMALAYA,2018,LAHIR MATI,SEPSIS,6
KABUPATEN TASIKMALAYA,2018,LAHIR MATI,TETANUS,0
KOTA BANDUNG,2018,LAHIR MATI,BBLR,27
KOTA BANDUNG,2018,LAHIR MATI,ASFIKSIA,25
KOTA BANDUNG,2018,LAHIR MATI,KELAINAN,13
KOTA BANDUNG,2018,LAHIR MATI,SEPSIS,1
KOTA BANDUNG,2018,LAHIR MATI,TETANUS,0
KOTA BANJAR,2018,LAHIR MATI,BBLR,5
KOTA BANJAR,2018,LAHIR MATI,ASFIKSIA,4
KOTA BANJAR,2018,LAHIR MATI,KELAINAN,3
KOTA BANJAR,2018,LAHIR MATI,SEPSIS,1
KOTA BANJAR,2018,LAHIR MATI,TETANUS,0
KOTA BEKASI,2018,LAHIR MATI,BBLR,10
KOTA BEKASI,2018,LAHIR MATI,ASFIKSIA,8
KOTA BEKASI,2018,LAHIR MATI,SEPSIS,8
KOTA BEKASI,2018,LAHIR MATI,KELAINAN,0
KOTA BEKASI,2018,LAHIR MATI,TETANUS,0
KOTA BOGOR,2018,LAHIR MATI,BBLR,19
KOTA BOGOR,2018,LAHIR MATI,ASFIKSIA,16
KOTA BOGOR,2018,LAHIR MATI,KELAINAN,5
KOTA BOGOR,2018,LAHIR MATI,SEPSIS,1
KOTA BOGOR,2018,LAHIR MATI,TETANUS,0
KOTA CIMAHI,2018,LAHIR MATI,BBLR,13
KOTA CIMAHI,2018,LAHIR MATI,ASFIKSIA,12
KOTA CIMAHI,2018,LAHIR MATI,KELAINAN,6
KOTA CIMAHI,2018,LAHIR MATI,SEPSIS,1
KOTA CIMAHI,2018,LAHIR MATI,TETANUS,0
KOTA CIREBON,2018,LAHIR MATI,BBLR,8
KOTA CIREBON,2018,LAHIR MATI,ASFIKSIA,5
KOTA CIREBON,2018,LAHIR MATI,KELAINAN,1
KOTA CIREBON,2018,LAHIR MATI,SEPSIS,1
KOTA CIREBON,2018,LAHIR MATI,TETANUS,0
KOTA DEPOK,2018,LAHIR MATI,BBLR,14
KOTA DEPOK,2018,LAHIR MATI,KELAINAN,12
KOTA DEPOK,2018,LAHIR MATI,ASFIKSIA,9
KOTA DEPOK,2018,LAHIR MATI,SEPSIS,4
KOTA DEPOK,2018,LAHIR MATI,TETANUS,0
KOTA SUKABUMI,2018,LAHIR MATI,ASFIKSIA,9
KOTA SUKABUMI,2018,LAHIR MATI,BBLR,6
KOTA SUKABUMI,2018,LAHIR MATI,KELAINAN,6
KOTA SUKABUMI,2018,LAHIR MATI,SEPSIS,0
KOTA SUKABUMI,2018,LAHIR MATI,TETANUS,0
KOTA TASIKMALAYA,2018,LAHIR MATI,KELAINAN,14
KOTA TASIKMALAYA,2018,LAHIR MATI,ASFIKSIA,12
KOTA TASIKMALAYA,2018,LAHIR MATI,BBLR,12
KOTA TASIKMALAYA,2018,LAHIR MATI,SEPSIS,1
KOTA TASIKMALAYA,2018,LAHIR MATI,TETANUS,0
KABUPATEN BANDUNG,2019,KEMATIAN BALITA,DEMAM,1
KABUPATEN BANDUNG,2019,KEMATIAN BALITA,PNEUMONIA,1
KABUPATEN BANDUNG,2019,KEMATIAN BALITA,CAMPAK,0
KABUPATEN BANDUNG,2019,KEMATIAN BALITA,DIARE,0
KABUPATEN BANDUNG,2019,KEMATIAN BALITA,DIFTERI,0
KABUPATEN BANDUNG,2019,KEMATIAN BALITA,MALARIA,0
KABUPATEN BANDUNG BARAT,2019,KEMATIAN BALITA,DEMAM,3
KABUPATEN BANDUNG BARAT,2019,KEMATIAN BALITA,DIARE,3
KABUPATEN BANDUNG BARAT,2019,KEMATIAN BALITA,PNEUMONIA,3
KABUPATEN BANDUNG BARAT,2019,KEMATIAN BALITA,CAMPAK,0
KABUPATEN BANDUNG BARAT,2019,KEMATIAN BALITA,DIFTERI,0
KABUPATEN BANDUNG BARAT,2019,KEMATIAN BALITA,MALARIA,0
KABUPATEN BEKASI,2019,KEMATIAN BALITA,CAMPAK,0
KABUPATEN BEKASI,2019,KEMATIAN BALITA,DEMAM,0
KABUPATEN BEKASI,2019,KEMATIAN BALITA,DIARE,0
KABUPATEN BEKASI,2019,KEMATIAN BALITA,DIFTERI,0
KABUPATEN BEKASI,2019,KEMATIAN BALITA,MALARIA,0
KABUPATEN BEKASI,2019,KEMATIAN BALITA,PNEUMONIA,0
KABUPATEN BOGOR,2019,KEMATIAN BALITA,DEMAM,4
KABUPATEN BOGOR,2019,KEMATIAN BALITA,CAMPAK,0
KABUPATEN BOGOR,2019,KEMATIAN BALITA,DIARE,0
KABUPATEN BOGOR,2019,KEMATIAN BALITA,DIFTERI,0
KABUPATEN BOGOR,2019,KEMATIAN BALITA,MALARIA,0
KABUPATEN BOGOR,2019,KEMATIAN BALITA,PNEUMONIA,0
KABUPATEN CIAMIS,2019,KEMATIAN BALITA,CAMPAK,0
KABUPATEN CIAMIS,2019,KEMATIAN BALITA,DEMAM,0
KABUPATEN CIAMIS,2019,KEMATIAN BALITA,DIARE,0
KABUPATEN CIAMIS,2019,KEMATIAN BALITA,DIFTERI,0
KABUPATEN CIAMIS,2019,KEMATIAN BALITA,MALARIA,0
KABUPATEN CIAMIS,2019,KEMATIAN BALITA,PNEUMONIA,0
KABUPATEN CIANJUR,2019,KEMATIAN BALITA,CAMPAK,0
KABUPATEN CIANJUR,2019,KEMATIAN BALITA,DEMAM,0
KABUPATEN CIANJUR,2019,KEMATIAN BALITA,DIARE,0
KABUPATEN CIANJUR,2019,KEMATIAN BALITA,DIFTERI,0
KABUPATEN CIANJUR,2019,KEMATIAN BALITA,MALARIA,0
KABUPATEN CIANJUR,2019,KEMATIAN BALITA,PNEUMONIA,0
KABUPATEN CIREBON,2019,KEMATIAN BALITA,PNEUMONIA,1
KABUPATEN CIREBON,2019,KEMATIAN BALITA,CAMPAK,0
KABUPATEN CIREBON,2019,KEMATIAN BALITA,DEMAM,0
KABUPATEN CIREBON,2019,KEMATIAN BALITA,DIARE,0
KABUPATEN CIREBON,2019,KEMATIAN BALITA,DIFTERI,0
KABUPATEN CIREBON,2019,KEMATIAN BALITA,MALARIA,0
KABUPATEN GARUT,2019,KEMATIAN BALITA,CAMPAK,0
KABUPATEN GARUT,2019,KEMATIAN BALITA,DEMAM,0
KABUPATEN GARUT,2019,KEMATIAN BALITA,DIARE,0
KABUPATEN GARUT,2019,KEMATIAN BALITA,DIFTERI,0
KABUPATEN GARUT,2019,KEMATIAN BALITA,MALARIA,0
KABUPATEN GARUT,2019,KEMATIAN BALITA,PNEUMONIA,0
KABUPATEN INDRAMAYU,2019,KEMATIAN BALITA,DEMAM,1
KABUPATEN INDRAMAYU,2019,KEMATIAN BALITA,CAMPAK,0
KABUPATEN INDRAMAYU,2019,KEMATIAN BALITA,DIARE,0
KABUPATEN INDRAMAYU,2019,KEMATIAN BALITA,DIFTERI,0
KABUPATEN INDRAMAYU,2019,KEMATIAN BALITA,MALARIA,0
KABUPATEN INDRAMAYU,2019,KEMATIAN BALITA,PNEUMONIA,0
KABUPATEN KARAWANG,2019,KEMATIAN BALITA,CAMPAK,0
KABUPATEN KARAWANG,2019,KEMATIAN BALITA,DEMAM,0
KABUPATEN KARAWANG,2019,KEMATIAN BALITA,DIARE,0
KABUPATEN KARAWANG,2019,KEMATIAN BALITA,DIFTERI,0
KABUPATEN KARAWANG,2019,KEMATIAN BALITA,MALARIA,0
KABUPATEN KARAWANG,2019,KEMATIAN BALITA,PNEUMONIA,0
KABUPATEN KUNINGAN,2019,KEMATIAN BALITA,CAMPAK,0
KABUPATEN KUNINGAN,2019,KEMATIAN BALITA,DEMAM,0
KABUPATEN KUNINGAN,2019,KEMATIAN BALITA,DIARE,0
KABUPATEN KUNINGAN,2019,KEMATIAN BALITA,DIFTERI,0
KABUPATEN KUNINGAN,2019,KEMATIAN BALITA,MALARIA,0
KABUPATEN KUNINGAN,2019,KEMATIAN BALITA,PNEUMONIA,0
KABUPATEN MAJALENGKA,2019,KEMATIAN BALITA,CAMPAK,0
KABUPATEN MAJALENGKA,2019,KEMATIAN BALITA,DEMAM,0
KABUPATEN MAJALENGKA,2019,KEMATIAN BALITA,DIARE,0
KABUPATEN MAJALENGKA,2019,KEMATIAN BALITA,DIFTERI,0
KABUPATEN MAJALENGKA,2019,KEMATIAN BALITA,MALARIA,0
KABUPATEN MAJALENGKA,2019,KEMATIAN BALITA,PNEUMONIA,0
KABUPATEN PANGANDARAN,2019,KEMATIAN BALITA,DEMAM,1
KABUPATEN PANGANDARAN,2019,KEMATIAN BALITA,CAMPAK,0
KABUPATEN PANGANDARAN,2019,KEMATIAN BALITA,DIARE,0
KABUPATEN PANGANDARAN,2019,KEMATIAN BALITA,DIFTERI,0
KABUPATEN PANGANDARAN,2019,KEMATIAN BALITA,MALARIA,0
KABUPATEN PANGANDARAN,2019,KEMATIAN BALITA,PNEUMONIA,0
KABUPATEN PURWAKARTA,2019,KEMATIAN BALITA,DIARE,1
KABUPATEN PURWAKARTA,2019,KEMATIAN BALITA,PNEUMONIA,1
KABUPATEN PURWAKARTA,2019,KEMATIAN BALITA,CAMPAK,0
KABUPATEN PURWAKARTA,2019,KEMATIAN BALITA,DEMAM,0
KABUPATEN PURWAKARTA,2019,KEMATIAN BALITA,DIFTERI,0
KABUPATEN PURWAKARTA,2019,KEMATIAN BALITA,MALARIA,0
KABUPATEN SUBANG,2019,KEMATIAN BALITA,CAMPAK,0
KABUPATEN SUBANG,2019,KEMATIAN BALITA,DEMAM,0
KABUPATEN SUBANG,2019,KEMATIAN BALITA,DIARE,0
KABUPATEN SUBANG,2019,KEMATIAN BALITA,DIFTERI,0
KABUPATEN SUBANG,2019,KEMATIAN BALITA,MALARIA,0
KABUPATEN SUBANG,2019,KEMATIAN BALITA,PNEUMONIA,0
KABUPATEN SUKABUMI,2019,KEMATIAN BALITA,DIARE,8
KABUPATEN SUKABUMI,2019,KEMATIAN BALITA,PNEUMONIA,8
KABUPATEN SUKABUMI,2019,KEMATIAN BALITA,DEMAM,1
KABUPATEN SUKABUMI,2019,KEMATIAN BALITA,CAMPAK,0
KABUPATEN SUKABUMI,2019,KEMATIAN BALITA,DIFTERI,0
KABUPATEN SUKABUMI,2019,KEMATIAN BALITA,MALARIA,0
KABUPATEN SUMEDANG,2019,KEMATIAN BALITA,CAMPAK,0
KABUPATEN SUMEDANG,2019,KEMATIAN BALITA,DEMAM,0
KABUPATEN SUMEDANG,2019,KEMATIAN BALITA,DIARE,0
KABUPATEN SUMEDANG,2019,KEMATIAN BALITA,DIFTERI,0
KABUPATEN SUMEDANG,2019,KEMATIAN BALITA,MALARIA,0
KABUPATEN SUMEDANG,2019,KEMATIAN BALITA,PNEUMONIA,0
KABUPATEN TASIKMALAYA,2019,KEMATIAN BALITA,DEMAM,2
KABUPATEN TASIKMALAYA,2019,KEMATIAN BALITA,CAMPAK,0
KABUPATEN TASIKMALAYA,2019,KEMATIAN BALITA,DIARE,0
KABUPATEN TASIKMALAYA,2019,KEMATIAN BALITA,DIFTERI,0
KABUPATEN TASIKMALAYA,2019,KEMATIAN BALITA,MALARIA,0
KABUPATEN TASIKMALAYA,2019,KEMATIAN BALITA,PNEUMONIA,0
KOTA BANDUNG,2019,KEMATIAN BALITA,DEMAM,13
KOTA BANDUNG,2019,KEMATIAN BALITA,PNEUMONIA,3
KOTA BANDUNG,2019,KEMATIAN BALITA,DIARE,1
KOTA BANDUNG,2019,KEMATIAN BALITA,CAMPAK,0
KOTA BANDUNG,2019,KEMATIAN BALITA,DIFTERI,0
KOTA BANDUNG,2019,KEMATIAN BALITA,MALARIA,0
KOTA BANJAR,2019,KEMATIAN BALITA,DIARE,3
KOTA BANJAR,2019,KEMATIAN BALITA,DEMAM,1
KOTA BANJAR,2019,KEMATIAN BALITA,PNEUMONIA,1
KOTA BANJAR,2019,KEMATIAN BALITA,CAMPAK,0
KOTA BANJAR,2019,KEMATIAN BALITA,DIFTERI,0
KOTA BANJAR,2019,KEMATIAN BALITA,MALARIA,0
KOTA BEKASI,2019,KEMATIAN BALITA,CAMPAK,0
KOTA BEKASI,2019,KEMATIAN BALITA,DEMAM,0
KOTA BEKASI,2019,KEMATIAN BALITA,DIARE,0
KOTA BEKASI,2019,KEMATIAN BALITA,DIFTERI,0
KOTA BEKASI,2019,KEMATIAN BALITA,MALARIA,0
KOTA BEKASI,2019,KEMATIAN BALITA,PNEUMONIA,0
KOTA BOGOR,2019,KEMATIAN BALITA,CAMPAK,0
KOTA BOGOR,2019,KEMATIAN BALITA,DEMAM,0
KOTA BOGOR,2019,KEMATIAN BALITA,DIARE,0
KOTA BOGOR,2019,KEMATIAN BALITA,DIFTERI,0
KOTA BOGOR,2019,KEMATIAN BALITA,MALARIA,0
KOTA BOGOR,2019,KEMATIAN BALITA,PNEUMONIA,0
KOTA CIMAHI,2019,KEMATIAN BALITA,CAMPAK,0
KOTA CIMAHI,2019,KEMATIAN BALITA,DEMAM,0
KOTA CIMAHI,2019,KEMATIAN BALITA,DIARE,0
KOTA CIMAHI,2019,KEMATIAN BALITA,DIFTERI,0
KOTA CIMAHI,2019,KEMATIAN BALITA,MALARIA,0
KOTA CIMAHI,2019,KEMATIAN BALITA,PNEUMONIA,0
KOTA CIREBON,2019,KEMATIAN BALITA,DEMAM,1
KOTA CIREBON,2019,KEMATIAN BALITA,PNEUMONIA,1
KOTA CIREBON,2019,KEMATIAN BALITA,CAMPAK,0
KOTA CIREBON,2019,KEMATIAN BALITA,DIARE,0
KOTA CIREBON,2019,KEMATIAN BALITA,DIFTERI,0
KOTA CIREBON,2019,KEMATIAN BALITA,MALARIA,0
KOTA DEPOK,2019,KEMATIAN BALITA,DEMAM,1
KOTA DEPOK,2019,KEMATIAN BALITA,CAMPAK,0
KOTA DEPOK,2019,KEMATIAN BALITA,DIARE,0
KOTA DEPOK,2019,KEMATIAN BALITA,DIFTERI,0
KOTA DEPOK,2019,KEMATIAN BALITA,MALARIA,0
KOTA DEPOK,2019,KEMATIAN BALITA,PNEUMONIA,0
KOTA SUKABUMI,2019,KEMATIAN BALITA,CAMPAK,0
KOTA SUKABUMI,2019,KEMATIAN BALITA,DEMAM,0
KOTA SUKABUMI,2019,KEMATIAN BALITA,DIARE,0
KOTA SUKABUMI,2019,KEMATIAN BALITA,DIFTERI,0
KOTA SUKABUMI,2019,KEMATIAN BALITA,MALARIA,0
KOTA SUKABUMI,2019,KEMATIAN BALITA,PNEUMONIA,0
KOTA TASIKMALAYA,2019,KEMATIAN BALITA,DIARE,1
KOTA TASIKMALAYA,2019,KEMATIAN BALITA,PNEUMONIA,1
KOTA TASIKMALAYA,2019,KEMATIAN BALITA,CAMPAK,0
KOTA TASIKMALAYA,2019,KEMATIAN BALITA,DEMAM,0
KOTA TASIKMALAYA,2019,KEMATIAN BALITA,DIFTERI,0
KOTA TASIKMALAYA,2019,KEMATIAN BALITA,MALARIA,0
KABUPATEN BANDUNG,2019,KEMATIAN IBU,PENDARAHAN,16
KABUPATEN BANDUNG,2019,KEMATIAN IBU,HIPERTENSI,10
KABUPATEN BANDUNG,2019,KEMATIAN IBU,GANGGUAN DARAH,3
KABUPATEN BANDUNG,2019,KEMATIAN IBU,INFEKSI,2
KABUPATEN BANDUNG,2019,KEMATIAN IBU,GANGGUAN METABOLIK,0
KABUPATEN BANDUNG BARAT,2019,KEMATIAN IBU,PENDARAHAN,25
KABUPATEN BANDUNG BARAT,2019,KEMATIAN IBU,GANGGUAN DARAH,7
KABUPATEN BANDUNG BARAT,2019,KEMATIAN IBU,HIPERTENSI,7
KABUPATEN BANDUNG BARAT,2019,KEMATIAN IBU,GANGGUAN METABOLIK,3
KABUPATEN BANDUNG BARAT,2019,KEMATIAN IBU,INFEKSI,0
KABUPATEN BEKASI,2019,KEMATIAN IBU,PENDARAHAN,10
KABUPATEN BEKASI,2019,KEMATIAN IBU,HIPERTENSI,3
KABUPATEN BEKASI,2019,KEMATIAN IBU,INFEKSI,1
KABUPATEN BEKASI,2019,KEMATIAN IBU,GANGGUAN DARAH,0
KABUPATEN BEKASI,2019,KEMATIAN IBU,GANGGUAN METABOLIK,0
KABUPATEN BOGOR,2019,KEMATIAN IBU,PENDARAHAN,29
KABUPATEN BOGOR,2019,KEMATIAN IBU,HIPERTENSI,26
KABUPATEN BOGOR,2019,KEMATIAN IBU,GANGGUAN DARAH,3
KABUPATEN BOGOR,2019,KEMATIAN IBU,INFEKSI,2
KABUPATEN BOGOR,2019,KEMATIAN IBU,GANGGUAN METABOLIK,1
KABUPATEN CIAMIS,2019,KEMATIAN IBU,PENDARAHAN,5
KABUPATEN CIAMIS,2019,KEMATIAN IBU,GANGGUAN DARAH,2
KABUPATEN CIAMIS,2019,KEMATIAN IBU,HIPERTENSI,1
KABUPATEN CIAMIS,2019,KEMATIAN IBU,INFEKSI,1
KABUPATEN CIAMIS,2019,KEMATIAN IBU,GANGGUAN METABOLIK,0
KABUPATEN CIANJUR,2019,KEMATIAN IBU,HIPERTENSI,13
KABUPATEN CIANJUR,2019,KEMATIAN IBU,PENDARAHAN,6
KABUPATEN CIANJUR,2019,KEMATIAN IBU,GANGGUAN DARAH,4
KABUPATEN CIANJUR,2019,KEMATIAN IBU,INFEKSI,1
KABUPATEN CIANJUR,2019,KEMATIAN IBU,GANGGUAN METABOLIK,0
KABUPATEN CIREBON,2019,KEMATIAN IBU,HIPERTENSI,15
KABUPATEN CIREBON,2019,KEMATIAN IBU,PENDARAHAN,6
KABUPATEN CIREBON,2019,KEMATIAN IBU,GANGGUAN DARAH,5
KABUPATEN CIREBON,2019,KEMATIAN IBU,INFEKSI,2
KABUPATEN CIREBON,2019,KEMATIAN IBU,GANGGUAN METABOLIK,0
KABUPATEN GARUT,2019,KEMATIAN IBU,HIPERTENSI,16
KABUPATEN GARUT,2019,KEMATIAN IBU,PENDARAHAN,14
KABUPATEN GARUT,2019,KEMATIAN IBU,GANGGUAN DARAH,7
KABUPATEN GARUT,2019,KEMATIAN IBU,GANGGUAN METABOLIK,1
KABUPATEN GARUT,2019,KEMATIAN IBU,INFEKSI,1
KABUPATEN INDRAMAYU,2019,KEMATIAN IBU,HIPERTENSI,26
KABUPATEN INDRAMAYU,2019,KEMATIAN IBU,GANGGUAN DARAH,4
KABUPATEN INDRAMAYU,2019,KEMATIAN IBU,PENDARAHAN,3
KABUPATEN INDRAMAYU,2019,KEMATIAN IBU,INFEKSI,1
KABUPATEN INDRAMAYU,2019,KEMATIAN IBU,GANGGUAN METABOLIK,0
KABUPATEN KARAWANG,2019,KEMATIAN IBU,PENDARAHAN,15
KABUPATEN KARAWANG,2019,KEMATIAN IBU,HIPERTENSI,14
KABUPATEN KARAWANG,2019,KEMATIAN IBU,GANGGUAN DARAH,8
KABUPATEN KARAWANG,2019,KEMATIAN IBU,INFEKSI,2
KABUPATEN KARAWANG,2019,KEMATIAN IBU,GANGGUAN METABOLIK,0
KABUPATEN KUNINGAN,2019,KEMATIAN IBU,HIPERTENSI,7
KABUPATEN KUNINGAN,2019,KEMATIAN IBU,PENDARAHAN,4
KABUPATEN KUNINGAN,2019,KEMATIAN IBU,GANGGUAN DARAH,3
KABUPATEN KUNINGAN,2019,KEMATIAN IBU,INFEKSI,2
KABUPATEN KUNINGAN,2019,KEMATIAN IBU,GANGGUAN METABOLIK,0
KABUPATEN MAJALENGKA,2019,KEMATIAN IBU,HIPERTENSI,8
KABUPATEN MAJALENGKA,2019,KEMATIAN IBU,PENDARAHAN,6
KABUPATEN MAJALENGKA,2019,KEMATIAN IBU,INFEKSI,1
KABUPATEN MAJALENGKA,2019,KEMATIAN IBU,GANGGUAN DARAH,0
KABUPATEN MAJALENGKA,2019,KEMATIAN IBU,GANGGUAN METABOLIK,0
KABUPATEN PANGANDARAN,2019,KEMATIAN IBU,HIPERTENSI,1
KABUPATEN PANGANDARAN,2019,KEMATIAN IBU,PENDARAHAN,1
KABUPATEN PANGANDARAN,2019,KEMATIAN IBU,GANGGUAN DARAH,0
KABUPATEN PANGANDARAN,2019,KEMATIAN IBU,GANGGUAN METABOLIK,0
KABUPATEN PANGANDARAN,2019,KEMATIAN IBU,INFEKSI,0
KABUPATEN PURWAKARTA,2019,KEMATIAN IBU,PENDARAHAN,7
KABUPATEN PURWAKARTA,2019,KEMATIAN IBU,GANGGUAN DARAH,4
KABUPATEN PURWAKARTA,2019,KEMATIAN IBU,HIPERTENSI,4
KABUPATEN PURWAKARTA,2019,KEMATIAN IBU,GANGGUAN METABOLIK,3
KABUPATEN PURWAKARTA,2019,KEMATIAN IBU,INFEKSI,1
KABUPATEN SUBANG,2019,KEMATIAN IBU,HIPERTENSI,10
KABUPATEN SUBANG,2019,KEMATIAN IBU,PENDARAHAN,7
KABUPATEN SUBANG,2019,KEMATIAN IBU,GANGGUAN METABOLIK,1
KABUPATEN SUBANG,2019,KEMATIAN IBU,INFEKSI,1
KABUPATEN SUBANG,2019,KEMATIAN IBU,GANGGUAN DARAH,0
KABUPATEN SUKABUMI,2019,KEMATIAN IBU,PENDARAHAN,14
KABUPATEN SUKABUMI,2019,KEMATIAN IBU,HIPERTENSI,11
KABUPATEN SUKABUMI,2019,KEMATIAN IBU,GANGGUAN DARAH,6
KABUPATEN SUKABUMI,2019,KEMATIAN IBU,GANGGUAN METABOLIK,0
KABUPATEN SUKABUMI,2019,KEMATIAN IBU,INFEKSI,0
KABUPATEN SUMEDANG,2019,KEMATIAN IBU,HIPERTENSI,3
KABUPATEN SUMEDANG,2019,KEMATIAN IBU,PENDARAHAN,3
KABUPATEN SUMEDANG,2019,KEMATIAN IBU,INFEKSI,1
KABUPATEN SUMEDANG,2019,KEMATIAN IBU,GANGGUAN DARAH,0
KABUPATEN SUMEDANG,2019,KEMATIAN IBU,GANGGUAN METABOLIK,0
KABUPATEN TASIKMALAYA,2019,KEMATIAN IBU,HIPERTENSI,12
KABUPATEN TASIKMALAYA,2019,KEMATIAN IBU,PENDARAHAN,8
KABUPATEN TASIKMALAYA,2019,KEMATIAN IBU,INFEKSI,2
KABUPATEN TASIKMALAYA,2019,KEMATIAN IBU,GANGGUAN DARAH,0
KABUPATEN TASIKMALAYA,2019,KEMATIAN IBU,GANGGUAN METABOLIK,0
KOTA BANDUNG,2019,KEMATIAN IBU,PENDARAHAN,11
KOTA BANDUNG,2019,KEMATIAN IBU,HIPERTENSI,6
KOTA BANDUNG,2019,KEMATIAN IBU,GANGGUAN DARAH,3
KOTA BANDUNG,2019,KEMATIAN IBU,GANGGUAN METABOLIK,1
KOTA BANDUNG,2019,KEMATIAN IBU,INFEKSI,0
KOTA BANJAR,2019,KEMATIAN IBU,PENDARAHAN,2
KOTA BANJAR,2019,KEMATIAN IBU,GANGGUAN DARAH,0
KOTA BANJAR,2019,KEMATIAN IBU,GANGGUAN METABOLIK,0
KOTA BANJAR,2019,KEMATIAN IBU,HIPERTENSI,0
KOTA BANJAR,2019,KEMATIAN IBU,INFEKSI,0
KOTA BEKASI,2019,KEMATIAN IBU,PENDARAHAN,4
KOTA BEKASI,2019,KEMATIAN IBU,HIPERTENSI,3
KOTA BEKASI,2019,KEMATIAN IBU,GANGGUAN DARAH,0
KOTA BEKASI,2019,KEMATIAN IBU,GANGGUAN METABOLIK,0
KOTA BEKASI,2019,KEMATIAN IBU,INFEKSI,0
KOTA BOGOR,2019,KEMATIAN IBU,PENDARAHAN,3
KOTA BOGOR,2019,KEMATIAN IBU,GANGGUAN DARAH,2
KOTA BOGOR,2019,KEMATIAN IBU,GANGGUAN METABOLIK,2
KOTA BOGOR,2019,KEMATIAN IBU,HIPERTENSI,1
KOTA BOGOR,2019,KEMATIAN IBU,INFEKSI,0
KOTA CIMAHI,2019,KEMATIAN IBU,HIPERTENSI,4
KOTA CIMAHI,2019,KEMATIAN IBU,PENDARAHAN,4
KOTA CIMAHI,2019,KEMATIAN IBU,GANGGUAN DARAH,1
KOTA CIMAHI,2019,KEMATIAN IBU,GANGGUAN METABOLIK,0
KOTA CIMAHI,2019,KEMATIAN IBU,INFEKSI,0
KOTA CIREBON,2019,KEMATIAN IBU,PENDARAHAN,2
KOTA CIREBON,2019,KEMATIAN IBU,HIPERTENSI,1
KOTA CIREBON,2019,KEMATIAN IBU,GANGGUAN DARAH,0
KOTA CIREBON,2019,KEMATIAN IBU,GANGGUAN METABOLIK,0
KOTA CIREBON,2019,KEMATIAN IBU,INFEKSI,0
KOTA DEPOK,2019,KEMATIAN IBU,PENDARAHAN,16
KOTA DEPOK,2019,KEMATIAN IBU,HIPERTENSI,10
KOTA DEPOK,2019,KEMATIAN IBU,GANGGUAN DARAH,3
KOTA DEPOK,2019,KEMATIAN IBU,INFEKSI,1
KOTA DEPOK,2019,KEMATIAN IBU,GANGGUAN METABOLIK,0
KOTA SUKABUMI,2019,KEMATIAN IBU,PENDARAHAN,4
KOTA SUKABUMI,2019,KEMATIAN IBU,GANGGUAN DARAH,2
KOTA SUKABUMI,2019,KEMATIAN IBU,HIPERTENSI,2
KOTA SUKABUMI,2019,KEMATIAN IBU,GANGGUAN METABOLIK,0
KOTA SUKABUMI,2019,KEMATIAN IBU,INFEKSI,0
KOTA TASIKMALAYA,2019,KEMATIAN IBU,HIPERTENSI,6
KOTA TASIKMALAYA,2019,KEMATIAN IBU,PENDARAHAN,2
KOTA TASIKMALAYA,2019,KEMATIAN IBU,INFEKSI,1
KOTA TASIKMALAYA,2019,KEMATIAN IBU,GANGGUAN DARAH,0
KOTA TASIKMALAYA,2019,KEMATIAN IBU,GANGGUAN METABOLIK,0
KABUPATEN BANDUNG,2019,KEMATIAN POST-NEO,DIARE,4
KABUPATEN BANDUNG,2019,KEMATIAN POST-NEO,PNEUMONIA,4
KABUPATEN BANDUNG,2019,KEMATIAN POST-NEO,SALURAN CERNA,1
KABUPATEN BANDUNG,2019,KEMATIAN POST-NEO,KELAINAN SARAF,0
KABUPATEN BANDUNG,2019,KEMATIAN POST-NEO,MALARIA,0
KABUPATEN BANDUNG,2019,KEMATIAN POST-NEO,TETANUS,0
KABUPATEN BANDUNG BARAT,2019,KEMATIAN POST-NEO,KELAINAN SARAF,2
KABUPATEN BANDUNG BARAT,2019,KEMATIAN POST-NEO,PNEUMONIA,2
KABUPATEN BANDUNG BARAT,2019,KEMATIAN POST-NEO,SALURAN CERNA,1
KABUPATEN BANDUNG BARAT,2019,KEMATIAN POST-NEO,DIARE,0
KABUPATEN BANDUNG BARAT,2019,KEMATIAN POST-NEO,MALARIA,0
KABUPATEN BANDUNG BARAT,2019,KEMATIAN POST-NEO,TETANUS,0
KABUPATEN BEKASI,2019,KEMATIAN POST-NEO,DIARE,0
KABUPATEN BEKASI,2019,KEMATIAN POST-NEO,KELAINAN SARAF,0
KABUPATEN BEKASI,2019,KEMATIAN POST-NEO,MALARIA,0
KABUPATEN BEKASI,2019,KEMATIAN POST-NEO,PNEUMONIA,0
KABUPATEN BEKASI,2019,KEMATIAN POST-NEO,SALURAN CERNA,0
KABUPATEN BEKASI,2019,KEMATIAN POST-NEO,TETANUS,0
KABUPATEN BOGOR,2019,KEMATIAN POST-NEO,PNEUMONIA,4
KABUPATEN BOGOR,2019,KEMATIAN POST-NEO,DIARE,2
KABUPATEN BOGOR,2019,KEMATIAN POST-NEO,KELAINAN SARAF,1
KABUPATEN BOGOR,2019,KEMATIAN POST-NEO,TETANUS,1
KABUPATEN BOGOR,2019,KEMATIAN POST-NEO,MALARIA,0
KABUPATEN BOGOR,2019,KEMATIAN POST-NEO,SALURAN CERNA,0
KABUPATEN CIAMIS,2019,KEMATIAN POST-NEO,SALURAN CERNA,2
KABUPATEN CIAMIS,2019,KEMATIAN POST-NEO,PNEUMONIA,1
KABUPATEN CIAMIS,2019,KEMATIAN POST-NEO,DIARE,0
KABUPATEN CIAMIS,2019,KEMATIAN POST-NEO,KELAINAN SARAF,0
KABUPATEN CIAMIS,2019,KEMATIAN POST-NEO,MALARIA,0
KABUPATEN CIAMIS,2019,KEMATIAN POST-NEO,TETANUS,0
KABUPATEN CIANJUR,2019,KEMATIAN POST-NEO,PNEUMONIA,9
KABUPATEN CIANJUR,2019,KEMATIAN POST-NEO,DIARE,3
KABUPATEN CIANJUR,2019,KEMATIAN POST-NEO,KELAINAN SARAF,0
KABUPATEN CIANJUR,2019,KEMATIAN POST-NEO,MALARIA,0
KABUPATEN CIANJUR,2019,KEMATIAN POST-NEO,SALURAN CERNA,0
KABUPATEN CIANJUR,2019,KEMATIAN POST-NEO,TETANUS,0
KABUPATEN CIREBON,2019,KEMATIAN POST-NEO,PNEUMONIA,3
KABUPATEN CIREBON,2019,KEMATIAN POST-NEO,SALURAN CERNA,2
KABUPATEN CIREBON,2019,KEMATIAN POST-NEO,DIARE,0
KABUPATEN CIREBON,2019,KEMATIAN POST-NEO,KELAINAN SARAF,0
KABUPATEN CIREBON,2019,KEMATIAN POST-NEO,MALARIA,0
KABUPATEN CIREBON,2019,KEMATIAN POST-NEO,TETANUS,0
KABUPATEN GARUT,2019,KEMATIAN POST-NEO,DIARE,2
KABUPATEN GARUT,2019,KEMATIAN POST-NEO,PNEUMONIA,2
KABUPATEN GARUT,2019,KEMATIAN POST-NEO,KELAINAN SARAF,0
KABUPATEN GARUT,2019,KEMATIAN POST-NEO,MALARIA,0
KABUPATEN GARUT,2019,KEMATIAN POST-NEO,SALURAN CERNA,0
KABUPATEN GARUT,2019,KEMATIAN POST-NEO,TETANUS,0
KABUPATEN INDRAMAYU,2019,KEMATIAN POST-NEO,DIARE,3
KABUPATEN INDRAMAYU,2019,KEMATIAN POST-NEO,PNEUMONIA,2
KABUPATEN INDRAMAYU,2019,KEMATIAN POST-NEO,KELAINAN SARAF,0
KABUPATEN INDRAMAYU,2019,KEMATIAN POST-NEO,MALARIA,0
KABUPATEN INDRAMAYU,2019,KEMATIAN POST-NEO,SALURAN CERNA,0
KABUPATEN INDRAMAYU,2019,KEMATIAN POST-NEO,TETANUS,0
KABUPATEN KARAWANG,2019,KEMATIAN POST-NEO,PNEUMONIA,2
KABUPATEN KARAWANG,2019,KEMATIAN POST-NEO,DIARE,1
KABUPATEN KARAWANG,2019,KEMATIAN POST-NEO,KELAINAN SARAF,0
KABUPATEN KARAWANG,2019,KEMATIAN POST-NEO,MALARIA,0
KABUPATEN KARAWANG,2019,KEMATIAN POST-NEO,SALURAN CERNA,0
KABUPATEN KARAWANG,2019,KEMATIAN POST-NEO,TETANUS,0
KABUPATEN KUNINGAN,2019,KEMATIAN POST-NEO,DIARE,3
KABUPATEN KUNINGAN,2019,KEMATIAN POST-NEO,PNEUMONIA,2
KABUPATEN KUNINGAN,2019,KEMATIAN POST-NEO,SALURAN CERNA,1
KABUPATEN KUNINGAN,2019,KEMATIAN POST-NEO,KELAINAN SARAF,0
KABUPATEN KUNINGAN,2019,KEMATIAN POST-NEO,MALARIA,0
KABUPATEN KUNINGAN,2019,KEMATIAN POST-NEO,TETANUS,0
KABUPATEN MAJALENGKA,2019,KEMATIAN POST-NEO,PNEUMONIA,4
KABUPATEN MAJALENGKA,2019,KEMATIAN POST-NEO,DIARE,2
KABUPATEN MAJALENGKA,2019,KEMATIAN POST-NEO,KELAINAN SARAF,1
KABUPATEN MAJALENGKA,2019,KEMATIAN POST-NEO,SALURAN CERNA,1
KABUPATEN MAJALENGKA,2019,KEMATIAN POST-NEO,MALARIA,0
KABUPATEN MAJALENGKA,2019,KEMATIAN POST-NEO,TETANUS,0
KABUPATEN PANGANDARAN,2019,KEMATIAN POST-NEO,PNEUMONIA,3
KABUPATEN PANGANDARAN,2019,KEMATIAN POST-NEO,DIARE,2
KABUPATEN PANGANDARAN,2019,KEMATIAN POST-NEO,KELAINAN SARAF,0
KABUPATEN PANGANDARAN,2019,KEMATIAN POST-NEO,MALARIA,0
KABUPATEN PANGANDARAN,2019,KEMATIAN POST-NEO,SALURAN CERNA,0
KABUPATEN PANGANDARAN,2019,KEMATIAN POST-NEO,TETANUS,0
KABUPATEN PURWAKARTA,2019,KEMATIAN POST-NEO,PNEUMONIA,3
KABUPATEN PURWAKARTA,2019,KEMATIAN POST-NEO,DIARE,1
KABUPATEN PURWAKARTA,2019,KEMATIAN POST-NEO,KELAINAN SARAF,0
KABUPATEN PURWAKARTA,2019,KEMATIAN POST-NEO,MALARIA,0
KABUPATEN PURWAKARTA,2019,KEMATIAN POST-NEO,SALURAN CERNA,0
KABUPATEN PURWAKARTA,2019,KEMATIAN POST-NEO,TETANUS,0
KABUPATEN SUBANG,2019,KEMATIAN POST-NEO,PNEUMONIA,1
KABUPATEN SUBANG,2019,KEMATIAN POST-NEO,DIARE,0
KABUPATEN SUBANG,2019,KEMATIAN POST-NEO,KELAINAN SARAF,0
KABUPATEN SUBANG,2019,KEMATIAN POST-NEO,MALARIA,0
KABUPATEN SUBANG,2019,KEMATIAN POST-NEO,SALURAN CERNA,0
KABUPATEN SUBANG,2019,KEMATIAN POST-NEO,TETANUS,0
KABUPATEN SUKABUMI,2019,KEMATIAN POST-NEO,PNEUMONIA,15
KABUPATEN SUKABUMI,2019,KEMATIAN POST-NEO,DIARE,12
KABUPATEN SUKABUMI,2019,KEMATIAN POST-NEO,SALURAN CERNA,3
KABUPATEN SUKABUMI,2019,KEMATIAN POST-NEO,KELAINAN SARAF,1
KABUPATEN SUKABUMI,2019,KEMATIAN POST-NEO,MALARIA,0
KABUPATEN SUKABUMI,2019,KEMATIAN POST-NEO,TETANUS,0
KABUPATEN SUMEDANG,2019,KEMATIAN POST-NEO,PNEUMONIA,9
KABUPATEN SUMEDANG,2019,KEMATIAN POST-NEO,DIARE,6
KABUPATEN SUMEDANG,2019,KEMATIAN POST-NEO,SALURAN CERNA,3
KABUPATEN SUMEDANG,2019,KEMATIAN POST-NEO,KELAINAN SARAF,1
KABUPATEN SUMEDANG,2019,KEMATIAN POST-NEO,MALARIA,0
KABUPATEN SUMEDANG,2019,KEMATIAN POST-NEO,TETANUS,0
KABUPATEN TASIKMALAYA,2019,KEMATIAN POST-NEO,PNEUMONIA,7
KABUPATEN TASIKMALAYA,2019,KEMATIAN POST-NEO,SALURAN CERNA,5
KABUPATEN TASIKMALAYA,2019,KEMATIAN POST-NEO,MALARIA,1
KABUPATEN TASIKMALAYA,2019,KEMATIAN POST-NEO,DIARE,0
KABUPATEN TASIKMALAYA,2019,KEMATIAN POST-NEO,KELAINAN SARAF,0
KABUPATEN TASIKMALAYA,2019,KEMATIAN POST-NEO,TETANUS,0
KOTA BANDUNG,2019,KEMATIAN POST-NEO,DIARE,9
KOTA BANDUNG,2019,KEMATIAN POST-NEO,PNEUMONIA,5
KOTA BANDUNG,2019,KEMATIAN POST-NEO,KELAINAN SARAF,0
KOTA BANDUNG,2019,KEMATIAN POST-NEO,MALARIA,0
KOTA BANDUNG,2019,KEMATIAN POST-NEO,SALURAN CERNA,0
KOTA BANDUNG,2019,KEMATIAN POST-NEO,TETANUS,0
KOTA BANJAR,2019,KEMATIAN POST-NEO,DIARE,3
KOTA BANJAR,2019,KEMATIAN POST-NEO,KELAINAN SARAF,0
KOTA BANJAR,2019,KEMATIAN POST-NEO,MALARIA,0
KOTA BANJAR,2019,KEMATIAN POST-NEO,PNEUMONIA,0
KOTA BANJAR,2019,KEMATIAN POST-NEO,SALURAN CERNA,0
KOTA BANJAR,2019,KEMATIAN POST-NEO,TETANUS,0
KOTA BEKASI,2019,KEMATIAN POST-NEO,DIARE,2
KOTA BEKASI,2019,KEMATIAN POST-NEO,KELAINAN SARAF,0
KOTA BEKASI,2019,KEMATIAN POST-NEO,MALARIA,0
KOTA BEKASI,2019,KEMATIAN POST-NEO,PNEUMONIA,0
KOTA BEKASI,2019,KEMATIAN POST-NEO,SALURAN CERNA,0
KOTA BEKASI,2019,KEMATIAN POST-NEO,TETANUS,0
KOTA BOGOR,2019,KEMATIAN POST-NEO,PNEUMONIA,2
KOTA BOGOR,2019,KEMATIAN POST-NEO,DIARE,1
KOTA BOGOR,2019,KEMATIAN POST-NEO,KELAINAN SARAF,0
KOTA BOGOR,2019,KEMATIAN POST-NEO,MALARIA,0
KOTA BOGOR,2019,KEMATIAN POST-NEO,SALURAN CERNA,0
KOTA BOGOR,2019,KEMATIAN POST-NEO,TETANUS,0
KOTA CIMAHI,2019,KEMATIAN POST-NEO,DIARE,1
KOTA CIMAHI,2019,KEMATIAN POST-NEO,MALARIA,1
KOTA CIMAHI,2019,KEMATIAN POST-NEO,KELAINAN SARAF,0
KOTA CIMAHI,2019,KEMATIAN POST-NEO,PNEUMONIA,0
KOTA CIMAHI,2019,KEMATIAN POST-NEO,SALURAN CERNA,0
KOTA CIMAHI,2019,KEMATIAN POST-NEO,TETANUS,0
KOTA CIREBON,2019,KEMATIAN POST-NEO,DIARE,0
KOTA CIREBON,2019,KEMATIAN POST-NEO,KELAINAN SARAF,0
KOTA CIREBON,2019,KEMATIAN POST-NEO,MALARIA,0
KOTA CIREBON,2019,KEMATIAN POST-NEO,PNEUMONIA,0
KOTA CIREBON,2019,KEMATIAN POST-NEO,SALURAN CERNA,0
KOTA CIREBON,2019,KEMATIAN POST-NEO,TETANUS,0
KOTA DEPOK,2019,KEMATIAN POST-NEO,DIARE,2
KOTA DEPOK,2019,KEMATIAN POST-NEO,PNEUMONIA,1
KOTA DEPOK,2019,KEMATIAN POST-NEO,SALURAN CERNA,1
KOTA DEPOK,2019,KEMATIAN POST-NEO,KELAINAN SARAF,0
KOTA DEPOK,2019,KEMATIAN POST-NEO,MALARIA,0
KOTA DEPOK,2019,KEMATIAN POST-NEO,TETANUS,0
KOTA SUKABUMI,2019,KEMATIAN POST-NEO,DIARE,4
KOTA SUKABUMI,2019,KEMATIAN POST-NEO,PNEUMONIA,2
KOTA SUKABUMI,2019,KEMATIAN POST-NEO,KELAINAN SARAF,0
KOTA SUKABUMI,2019,KEMATIAN POST-NEO,MALARIA,0
KOTA SUKABUMI,2019,KEMATIAN POST-NEO,SALURAN CERNA,0
KOTA SUKABUMI,2019,KEMATIAN POST-NEO,TETANUS,0
KOTA TASIKMALAYA,2019,KEMATIAN POST-NEO,DIARE,2
KOTA TASIKMALAYA,2019,KEMATIAN POST-NEO,KELAINAN SARAF,1
KOTA TASIKMALAYA,2019,KEMATIAN POST-NEO,PNEUMONIA,1
KOTA TASIKMALAYA,2019,KEMATIAN POST-NEO,SALURAN CERNA,1
KOTA TASIKMALAYA,2019,KEMATIAN POST-NEO,MALARIA,0
KOTA TASIKMALAYA,2019,KEMATIAN POST-NEO,TETANUS,0
KABUPATEN BANDUNG,2019,LAHIR MATI,BBLR,43
KABUPATEN BANDUNG,2019,LAHIR MATI,ASFIKSIA,36
KABUPATEN BANDUNG,2019,LAHIR MATI,KELAINAN,13
KABUPATEN BANDUNG,2019,LAHIR MATI,SEPSIS,1
KABUPATEN BANDUNG,2019,LAHIR MATI,TETANUS,0
KABUPATEN BANDUNG BARAT,2019,LAHIR MATI,BBLR,79
KABUPATEN BANDUNG BARAT,2019,LAHIR MATI,ASFIKSIA,35
KABUPATEN BANDUNG BARAT,2019,LAHIR MATI,KELAINAN,1
KABUPATEN BANDUNG BARAT,2019,LAHIR MATI,SEPSIS,0
KABUPATEN BANDUNG BARAT,2019,LAHIR MATI,TETANUS,0
KABUPATEN BEKASI,2019,LAHIR MATI,ASFIKSIA,16
KABUPATEN BEKASI,2019,LAHIR MATI,BBLR,8
KABUPATEN BEKASI,2019,LAHIR MATI,KELAINAN,2
KABUPATEN BEKASI,2019,LAHIR MATI,SEPSIS,1
KABUPATEN BEKASI,2019,LAHIR MATI,TETANUS,0
KABUPATEN BOGOR,2019,LAHIR MATI,BBLR,47
KABUPATEN BOGOR,2019,LAHIR MATI,ASFIKSIA,24
KABUPATEN BOGOR,2019,LAHIR MATI,KELAINAN,13
KABUPATEN BOGOR,2019,LAHIR MATI,SEPSIS,2
KABUPATEN BOGOR,2019,LAHIR MATI,TETANUS,2
KABUPATEN CIAMIS,2019,LAHIR MATI,ASFIKSIA,26
KABUPATEN CIAMIS,2019,LAHIR MATI,BBLR,25
KABUPATEN CIAMIS,2019,LAHIR MATI,KELAINAN,8
KABUPATEN CIAMIS,2019,LAHIR MATI,SEPSIS,5
KABUPATEN CIAMIS,2019,LAHIR MATI,TETANUS,0
KABUPATEN CIANJUR,2019,LAHIR MATI,ASFIKSIA,25
KABUPATEN CIANJUR,2019,LAHIR MATI,BBLR,22
KABUPATEN CIANJUR,2019,LAHIR MATI,SEPSIS,9
KABUPATEN CIANJUR,2019,LAHIR MATI,KELAINAN,6
KABUPATEN CIANJUR,2019,LAHIR MATI,TETANUS,0
KABUPATEN CIREBON,2019,LAHIR MATI,ASFIKSIA,42
KABUPATEN CIREBON,2019,LAHIR MATI,BBLR,40
KABUPATEN CIREBON,2019,LAHIR MATI,KELAINAN,15
KABUPATEN CIREBON,2019,LAHIR MATI,SEPSIS,0
KABUPATEN CIREBON,2019,LAHIR MATI,TETANUS,0
KABUPATEN GARUT,2019,LAHIR MATI,BBLR,106
KABUPATEN GARUT,2019,LAHIR MATI,ASFIKSIA,69
KABUPATEN GARUT,2019,LAHIR MATI,KELAINAN,20
KABUPATEN GARUT,2019,LAHIR MATI,SEPSIS,4
KABUPATEN GARUT,2019,LAHIR MATI,TETANUS,0
KABUPATEN INDRAMAYU,2019,LAHIR MATI,BBLR,115
KABUPATEN INDRAMAYU,2019,LAHIR MATI,ASFIKSIA,59
KABUPATEN INDRAMAYU,2019,LAHIR MATI,KELAINAN,24
KABUPATEN INDRAMAYU,2019,LAHIR MATI,SEPSIS,7
KABUPATEN INDRAMAYU,2019,LAHIR MATI,TETANUS,0
KABUPATEN KARAWANG,2019,LAHIR MATI,BBLR,65
KABUPATEN KARAWANG,2019,LAHIR MATI,ASFIKSIA,37
KABUPATEN KARAWANG,2019,LAHIR MATI,KELAINAN,17
KABUPATEN KARAWANG,2019,LAHIR MATI,SEPSIS,2
KABUPATEN KARAWANG,2019,LAHIR MATI,TETANUS,0
KABUPATEN KUNINGAN,2019,LAHIR MATI,BBLR,23
KABUPATEN KUNINGAN,2019,LAHIR MATI,KELAINAN,11
KABUPATEN KUNINGAN,2019,LAHIR MATI,ASFIKSIA,8
KABUPATEN KUNINGAN,2019,LAHIR MATI,SEPSIS,0
KABUPATEN KUNINGAN,2019,LAHIR MATI,TETANUS,0
KABUPATEN MAJALENGKA,2019,LAHIR MATI,ASFIKSIA,23
KABUPATEN MAJALENGKA,2019,LAHIR MATI,BBLR,18
KABUPATEN MAJALENGKA,2019,LAHIR MATI,KELAINAN,8
KABUPATEN MAJALENGKA,2019,LAHIR MATI,SEPSIS,4
KABUPATEN MAJALENGKA,2019,LAHIR MATI,TETANUS,0
KABUPATEN PANGANDARAN,2019,LAHIR MATI,BBLR,10
KABUPATEN PANGANDARAN,2019,LAHIR MATI,ASFIKSIA,4
KABUPATEN PANGANDARAN,2019,LAHIR MATI,KELAINAN,4
KABUPATEN PANGANDARAN,2019,LAHIR MATI,SEPSIS,0
KABUPATEN PANGANDARAN,2019,LAHIR MATI,TETANUS,0
KABUPATEN PURWAKARTA,2019,LAHIR MATI,BBLR,19
KABUPATEN PURWAKARTA,2019,LAHIR MATI,KELAINAN,12
KABUPATEN PURWAKARTA,2019,LAHIR MATI,ASFIKSIA,9
KABUPATEN PURWAKARTA,2019,LAHIR MATI,SEPSIS,4
KABUPATEN PURWAKARTA,2019,LAHIR MATI,TETANUS,0
KABUPATEN SUBANG,2019,LAHIR MATI,ASFIKSIA,49
KABUPATEN SUBANG,2019,LAHIR MATI,BBLR,19
KABUPATEN SUBANG,2019,LAHIR MATI,KELAINAN,15
KABUPATEN SUBANG,2019,LAHIR MATI,SEPSIS,7
KABUPATEN SUBANG,2019,LAHIR MATI,TETANUS,0
KABUPATEN SUKABUMI,2019,LAHIR MATI,BBLR,70
KABUPATEN SUKABUMI,2019,LAHIR MATI,ASFIKSIA,24
KABUPATEN SUKABUMI,2019,LAHIR MATI,KELAINAN,17
KABUPATEN SUKABUMI,2019,LAHIR MATI,SEPSIS,3
KABUPATEN SUKABUMI,2019,LAHIR MATI,TETANUS,0
KABUPATEN SUMEDANG,2019,LAHIR MATI,BBLR,30
KABUPATEN SUMEDANG,2019,LAHIR MATI,ASFIKSIA,27
KABUPATEN SUMEDANG,2019,LAHIR MATI,KELAINAN,18
KABUPATEN SUMEDANG,2019,LAHIR MATI,SEPSIS,1
KABUPATEN SUMEDANG,2019,LAHIR MATI,TETANUS,0
KABUPATEN TASIKMALAYA,2019,LAHIR MATI,BBLR,58
KABUPATEN TASIKMALAYA,2019,LAHIR MATI,ASFIKSIA,48
KABUPATEN TASIKMALAYA,2019,LAHIR MATI,KELAINAN,12
KABUPATEN TASIKMALAYA,2019,LAHIR MATI,SEPSIS,3
KABUPATEN TASIKMALAYA,2019,LAHIR MATI,TETANUS,0
KOTA BANDUNG,2019,LAHIR MATI,BBLR,43
KOTA BANDUNG,2019,LAHIR MATI,ASFIKSIA,19
KOTA BANDUNG,2019,LAHIR MATI,SEPSIS,8
KOTA BANDUNG,2019,LAHIR MATI,KELAINAN,6
KOTA BANDUNG,2019,LAHIR MATI,TETANUS,0
KOTA BANJAR,2019,LAHIR MATI,BBLR,7
KOTA BANJAR,2019,LAHIR MATI,ASFIKSIA,4
KOTA BANJAR,2019,LAHIR MATI,KELAINAN,3
KOTA BANJAR,2019,LAHIR MATI,SEPSIS,0
KOTA BANJAR,2019,LAHIR MATI,TETANUS,0
KOTA BEKASI,2019,LAHIR MATI,BBLR,9
KOTA BEKASI,2019,LAHIR MATI,ASFIKSIA,8
KOTA BEKASI,2019,LAHIR MATI,KELAINAN,2
KOTA BEKASI,2019,LAHIR MATI,SEPSIS,2
KOTA BEKASI,2019,LAHIR MATI,TETANUS,0
KOTA BOGOR,2019,LAHIR MATI,BBLR,23
KOTA BOGOR,2019,LAHIR MATI,ASFIKSIA,11
KOTA BOGOR,2019,LAHIR MATI,KELAINAN,6
KOTA BOGOR,2019,LAHIR MATI,SEPSIS,1
KOTA BOGOR,2019,LAHIR MATI,TETANUS,1
KOTA CIMAHI,2019,LAHIR MATI,BBLR,18
KOTA CIMAHI,2019,LAHIR MATI,ASFIKSIA,13
KOTA CIMAHI,2019,LAHIR MATI,KELAINAN,9
KOTA CIMAHI,2019,LAHIR MATI,SEPSIS,3
KOTA CIMAHI,2019,LAHIR MATI,TETANUS,0
KOTA CIREBON,2019,LAHIR MATI,ASFIKSIA,4
KOTA CIREBON,2019,LAHIR MATI,BBLR,3
KOTA CIREBON,2019,LAHIR MATI,KELAINAN,2
KOTA CIREBON,2019,LAHIR MATI,SEPSIS,1
KOTA CIREBON,2019,LAHIR MATI,TETANUS,0
KOTA DEPOK,2019,LAHIR MATI,BBLR,22
KOTA DEPOK,2019,LAHIR MATI,KELAINAN,19
KOTA DEPOK,2019,LAHIR MATI,ASFIKSIA,14
KOTA DEPOK,2019,LAHIR MATI,SEPSIS,6
KOTA DEPOK,2019,LAHIR MATI,TETANUS,0
KOTA SUKABUMI,2019,LAHIR MATI,ASFIKSIA,6
KOTA SUKABUMI,2019,LAHIR MATI,BBLR,5
KOTA SUKABUMI,2019,LAHIR MATI,KELAINAN,3
KOTA SUKABUMI,2019,LAHIR MATI,SEPSIS,0
KOTA SUKABUMI,2019,LAHIR MATI,TETANUS,0
KOTA TASIKMALAYA,2019,LAHIR MATI,BBLR,21
KOTA TASIKMALAYA,2019,LAHIR MATI,ASFIKSIA,10
KOTA TASIKMALAYA,2019,LAHIR MATI,KELAINAN,7
KOTA TASIKMALAYA,2019,LAHIR MATI,SEPSIS,0
KOTA TASIKMALAYA,2019,LAHIR MATI,TETANUS,0
